id,warehouse
1,F
2,D
3,F
4,A
5,B
6,C
7,F
8,D
9,F
10,A
11,B
12,C
13,F
14,D
15,F
16,A
17,B
18,C
19,F
20,D
21,F
22,A
23,B
24,C
25,F
26,D
27,F
28,A
29,B
30,C
31,F
32,D
33,F
34,A
35,B
36,C
37,F
38,D
39,F
40,A
41,B
42,C
43,F
44,D
45,F
46,A
47,B
48,C
49,F
50,D
51,F
52,A
53,B
54,C
55,F
56,D
57,F
58,A
59,B
60,C
61,F
62,D
63,F
64,A
65,B
66,C
67,F
68,D
69,F
70,A
71,B
72,C
73,F
74,D
75,F
76,A
77,B
78,C
79,F
80,D
81,F
82,A
83,B
84,C
85,F
86,D
87,F
88,A
89,B
90,C
91,F
92,D
93,F
94,A
95,B
96,C
97,F
98,D
99,F
100,A
101,B
102,C
103,F
104,D
105,F
106,A
107,B
108,C
109,F
110,D
111,F
112,A
113,B
114,C
115,F
116,D
117,F
118,A
119,B
120,C
121,F
122,D
123,F
124,A
125,B
126,C
127,F
128,D
129,F
130,A
131,B
132,C
133,F
134,D
135,F
136,A
137,B
138,C
139,F
140,D
141,F
142,A
143,B
144,C
145,F
146,D
147,F
148,A
149,B
150,C
151,F
152,D
153,F
154,A
155,B
156,C
157,F
158,D
159,F
160,A
161,B
162,C
163,F
164,D
165,F
166,A
167,B
168,C
169,F
170,D
171,F
172,A
173,B
174,C
175,F
176,D
177,F
178,A
179,B
180,C
181,F
182,D
183,F
184,A
185,B
186,C
187,F
188,D
189,F
190,A
191,B
192,C
193,F
194,D
195,F
196,A
197,B
198,C
199,F
200,D
201,F
202,A
203,B
204,C
205,F
206,D
207,F
208,A
209,B
210,C
211,F
212,D
213,F
214,A
215,B
216,C
217,F
218,D
219,F
220,A
221,B
222,C
223,F
224,D
225,F
226,A
227,B
228,C
229,F
230,D
231,F
232,A
233,B
234,C
235,F
236,D
237,F
238,A
239,B
240,C
241,F
242,D
243,F
244,A
245,B
246,C
247,F
248,D
249,F
250,A
251,B
252,C
253,F
254,D
255,F
256,A
257,B
258,C
259,F
260,D
261,F
262,A
263,B
264,C
265,F
266,D
267,F
268,A
269,B
270,C
271,F
272,D
273,F
274,A
275,B
276,C
277,F
278,D
279,F
280,A
281,B
282,C
283,F
284,D
285,F
286,A
287,B
288,C
289,F
290,D
291,F
292,A
293,B
294,C
295,F
296,D
297,F
298,A
299,B
300,C
301,F
302,D
303,F
304,A
305,B
306,C
307,F
308,D
309,F
310,A
311,B
312,C
313,F
314,D
315,F
316,A
317,B
318,C
319,F
320,D
321,F
322,A
323,B
324,C
325,F
326,D
327,F
328,A
329,B
330,C
331,F
332,D
333,F
334,A
335,B
336,C
337,F
338,D
339,F
340,A
341,B
342,C
343,F
344,D
345,F
346,A
347,B
348,C
349,F
350,D
351,F
352,A
353,B
354,C
355,F
356,D
357,F
358,A
359,B
360,C
361,F
362,D
363,F
364,A
365,B
366,C
367,F
368,D
369,F
370,A
371,B
372,C
373,F
374,D
375,F
376,A
377,B
378,C
379,F
380,D
381,F
382,A
383,B
384,C
385,F
386,D
387,F
388,A
389,B
390,C
391,F
392,D
393,F
394,A
395,B
396,C
397,F
398,D
399,F
400,A
401,B
402,C
403,F
404,D
405,F
406,A
407,B
408,C
409,F
410,D
411,F
412,A
413,B
414,C
415,F
416,D
417,F
418,A
419,B
420,C
421,F
422,D
423,F
424,A
425,B
426,C
427,F
428,D
429,F
430,A
431,B
432,C
433,F
434,D
435,F
436,A
437,B
438,C
439,F
440,D
441,F
442,A
443,B
444,C
445,F
446,D
447,F
448,A
449,B
450,C
451,F
452,D
453,F
454,A
455,B
456,C
457,F
458,D
459,F
460,A
461,B
462,C
463,F
464,D
465,F
466,A
467,B
468,C
469,F
470,D
471,F
472,A
473,B
474,C
475,F
476,D
477,F
478,A
479,B
480,C
481,F
482,D
483,F
484,A
485,B
486,C
487,F
488,D
489,F
490,A
491,B
492,C
493,F
494,D
495,F
496,A
497,B
498,C
499,F
500,D
501,F
502,A
503,B
504,C
505,F
506,D
507,F
508,A
509,B
510,C
511,F
512,D
513,F
514,A
515,B
516,C
517,F
518,D
519,F
520,A
521,B
522,C
523,F
524,D
525,F
526,A
527,B
528,C
529,F
530,D
531,F
532,A
533,B
534,C
535,F
536,D
537,F
538,A
539,B
540,C
541,F
542,D
543,F
544,A
545,B
546,C
547,F
548,D
549,F
550,A
551,B
552,C
553,F
554,D
555,F
556,A
557,B
558,C
559,F
560,D
561,F
562,A
563,B
564,C
565,F
566,D
567,F
568,A
569,B
570,C
571,F
572,D
573,F
574,A
575,B
576,C
577,F
578,D
579,F
580,A
581,B
582,C
583,F
584,D
585,F
586,A
587,B
588,C
589,F
590,D
591,F
592,A
593,B
594,C
595,F
596,D
597,F
598,A
599,B
600,C
601,F
602,D
603,F
604,A
605,B
606,C
607,F
608,D
609,F
610,A
611,B
612,C
613,F
614,D
615,F
616,A
617,B
618,C
619,F
620,D
621,F
622,A
623,B
624,C
625,F
626,D
627,F
628,A
629,B
630,C
631,F
632,D
633,F
634,A
635,B
636,C
637,F
638,D
639,F
640,A
641,B
642,C
643,F
644,D
645,F
646,A
647,B
648,C
649,F
650,D
651,F
652,A
653,B
654,C
655,F
656,D
657,F
658,A
659,B
660,C
661,F
662,D
663,F
664,A
665,B
666,C
667,F
668,D
669,F
670,A
671,B
672,C
673,F
674,D
675,F
676,A
677,B
678,C
679,F
680,D
681,F
682,A
683,B
684,C
685,F
686,D
687,F
688,A
689,B
690,C
691,F
692,D
693,F
694,A
695,B
696,C
697,F
698,D
699,F
700,A
701,B
702,C
703,F
704,D
705,F
706,A
707,B
708,C
709,F
710,D
711,F
712,A
713,B
714,C
715,F
716,D
717,F
718,A
719,B
720,C
721,F
722,D
723,F
724,A
725,B
726,C
727,F
728,D
729,F
730,A
731,B
732,C
733,F
734,D
735,F
736,A
737,B
738,C
739,F
740,D
741,F
742,A
743,B
744,C
745,F
746,D
747,F
748,A
749,B
750,C
751,F
752,D
753,F
754,A
755,B
756,C
757,F
758,D
759,F
760,A
761,B
762,C
763,F
764,D
765,F
766,A
767,B
768,C
769,F
770,D
771,F
772,A
773,B
774,C
775,F
776,D
777,F
778,A
779,B
780,C
781,F
782,D
783,F
784,A
785,B
786,C
787,F
788,D
789,F
790,A
791,B
792,C
793,F
794,D
795,F
796,A
797,B
798,C
799,F
800,D
801,F
802,A
803,B
804,C
805,F
806,D
807,F
808,A
809,B
810,C
811,F
812,D
813,F
814,A
815,B
816,C
817,F
818,D
819,F
820,A
821,B
822,C
823,F
824,D
825,F
826,A
827,B
828,C
829,F
830,D
831,F
832,A
833,B
834,C
835,F
836,D
837,F
838,A
839,B
840,C
841,F
842,D
843,F
844,A
845,B
846,C
847,F
848,D
849,F
850,A
851,B
852,C
853,F
854,D
855,F
856,A
857,B
858,C
859,F
860,D
861,F
862,A
863,B
864,C
865,F
866,D
867,F
868,A
869,B
870,C
871,F
872,D
873,F
874,A
875,B
876,C
877,F
878,D
879,F
880,A
881,B
882,C
883,F
884,D
885,F
886,A
887,B
888,C
889,F
890,D
891,F
892,A
893,B
894,C
895,F
896,D
897,F
898,A
899,B
900,C
901,F
902,D
903,F
904,A
905,B
906,C
907,F
908,D
909,F
910,A
911,B
912,C
913,F
914,D
915,F
916,A
917,B
918,C
919,F
920,D
921,F
922,A
923,B
924,C
925,F
926,D
927,F
928,A
929,B
930,C
931,F
932,D
933,F
934,A
935,B
936,C
937,F
938,D
939,F
940,A
941,B
942,C
943,F
944,D
945,F
946,A
947,B
948,C
949,F
950,D
951,F
952,A
953,B
954,C
955,F
956,D
957,F
958,A
959,B
960,C
961,F
962,D
963,F
964,A
965,B
966,C
967,F
968,D
969,F
970,A
971,B
972,C
973,F
974,D
975,F
976,A
977,B
978,C
979,F
980,D
981,F
982,A
983,B
984,C
985,F
986,D
987,F
988,A
989,B
990,C
991,F
992,D
993,F
994,A
995,B
996,C
997,F
998,D
999,F
1000,A
1001,B
1002,C
1003,F
1004,D
1005,F
1006,A
1007,B
1008,C
1009,F
1010,D
1011,F
1012,A
1013,B
1014,C
1015,F
1016,D
1017,F
1018,A
1019,B
1020,C
1021,F
1022,D
1023,F
1024,A
1025,B
1026,C
1027,F
1028,D
1029,F
1030,A
1031,B
1032,C
1033,F
1034,D
1035,F
1036,A
1037,B
1038,C
1039,F
1040,D
1041,F
1042,A
1043,B
1044,C
1045,F
1046,D
1047,F
1048,A
1049,B
1050,C
1051,F
1052,D
1053,F
1054,A
1055,B
1056,C
1057,F
1058,D
1059,F
1060,A
1061,B
1062,C
1063,F
1064,D
1065,F
1066,A
1067,B
1068,C
1069,F
1070,D
1071,F
1072,A
1073,B
1074,C
1075,F
1076,D
1077,F
1078,A
1079,B
1080,C
1081,F
1082,D
1083,F
1084,A
1085,B
1086,C
1087,F
1088,D
1089,F
1090,A
1091,B
1092,C
1093,F
1094,D
1095,F
1096,A
1097,B
1098,C
1099,F
1100,D
1101,F
1102,A
1103,B
1104,C
1105,F
1106,D
1107,F
1108,A
1109,B
1110,C
1111,F
1112,D
1113,F
1114,A
1115,B
1116,C
1117,F
1118,D
1119,F
1120,A
1121,B
1122,C
1123,F
1124,D
1125,F
1126,A
1127,B
1128,C
1129,F
1130,D
1131,F
1132,A
1133,B
1134,C
1135,F
1136,D
1137,F
1138,A
1139,B
1140,C
1141,F
1142,D
1143,F
1144,A
1145,B
1146,C
1147,F
1148,D
1149,F
1150,A
1151,B
1152,C
1153,F
1154,D
1155,F
1156,A
1157,B
1158,C
1159,F
1160,D
1161,F
1162,A
1163,B
1164,C
1165,F
1166,D
1167,F
1168,A
1169,B
1170,C
1171,F
1172,D
1173,F
1174,A
1175,B
1176,C
1177,F
1178,D
1179,F
1180,A
1181,B
1182,C
1183,F
1184,D
1185,F
1186,A
1187,B
1188,C
1189,F
1190,D
1191,F
1192,A
1193,B
1194,C
1195,F
1196,D
1197,F
1198,A
1199,B
1200,C
1201,F
1202,D
1203,F
1204,A
1205,B
1206,C
1207,F
1208,D
1209,F
1210,A
1211,B
1212,C
1213,F
1214,D
1215,F
1216,A
1217,B
1218,C
1219,F
1220,D
1221,F
1222,A
1223,B
1224,C
1225,F
1226,D
1227,F
1228,A
1229,B
1230,C
1231,F
1232,D
1233,F
1234,A
1235,B
1236,C
1237,F
1238,D
1239,F
1240,A
1241,B
1242,C
1243,F
1244,D
1245,F
1246,A
1247,B
1248,C
1249,F
1250,D
1251,F
1252,A
1253,B
1254,C
1255,F
1256,D
1257,F
1258,A
1259,B
1260,C
1261,F
1262,D
1263,F
1264,A
1265,B
1266,C
1267,F
1268,D
1269,F
1270,A
1271,B
1272,C
1273,F
1274,D
1275,F
1276,A
1277,B
1278,C
1279,F
1280,D
1281,F
1282,A
1283,B
1284,C
1285,F
1286,D
1287,F
1288,A
1289,B
1290,C
1291,F
1292,D
1293,F
1294,A
1295,B
1296,C
1297,F
1298,D
1299,F
1300,A
1301,B
1302,C
1303,F
1304,D
1305,F
1306,A
1307,B
1308,C
1309,F
1310,D
1311,F
1312,A
1313,B
1314,C
1315,F
1316,D
1317,F
1318,A
1319,B
1320,C
1321,F
1322,D
1323,F
1324,A
1325,B
1326,C
1327,F
1328,D
1329,F
1330,A
1331,B
1332,C
1333,F
1334,D
1335,F
1336,A
1337,B
1338,C
1339,F
1340,D
1341,F
1342,A
1343,B
1344,C
1345,F
1346,D
1347,F
1348,A
1349,B
1350,C
1351,F
1352,D
1353,F
1354,A
1355,B
1356,C
1357,F
1358,D
1359,F
1360,A
1361,B
1362,C
1363,F
1364,D
1365,F
1366,A
1367,B
1368,C
1369,F
1370,D
1371,F
1372,A
1373,B
1374,C
1375,F
1376,D
1377,F
1378,A
1379,B
1380,C
1381,F
1382,D
1383,F
1384,A
1385,B
1386,C
1387,F
1388,D
1389,F
1390,A
1391,B
1392,C
1393,F
1394,D
1395,F
1396,A
1397,B
1398,C
1399,F
1400,D
1401,F
1402,A
1403,B
1404,C
1405,F
1406,D
1407,F
1408,A
1409,B
1410,C
1411,F
1412,D
1413,F
1414,A
1415,B
1416,C
1417,F
1418,D
1419,F
1420,A
1421,B
1422,C
1423,F
1424,D
1425,F
1426,A
1427,B
1428,C
1429,F
1430,D
1431,F
1432,A
1433,B
1434,C
1435,F
1436,D
1437,F
1438,A
1439,B
1440,C
1441,F
1442,D
1443,F
1444,A
1445,B
1446,C
1447,F
1448,D
1449,F
1450,A
1451,B
1452,C
1453,F
1454,D
1455,F
1456,A
1457,B
1458,C
1459,F
1460,D
1461,F
1462,A
1463,B
1464,C
1465,F
1466,D
1467,F
1468,A
1469,B
1470,C
1471,F
1472,D
1473,F
1474,A
1475,B
1476,C
1477,F
1478,D
1479,F
1480,A
1481,B
1482,C
1483,F
1484,D
1485,F
1486,A
1487,B
1488,C
1489,F
1490,D
1491,F
1492,A
1493,B
1494,C
1495,F
1496,D
1497,F
1498,A
1499,B
1500,C
1501,F
1502,D
1503,F
1504,A
1505,B
1506,C
1507,F
1508,D
1509,F
1510,A
1511,B
1512,C
1513,F
1514,D
1515,F
1516,A
1517,B
1518,C
1519,F
1520,D
1521,F
1522,A
1523,B
1524,C
1525,F
1526,D
1527,F
1528,A
1529,B
1530,C
1531,F
1532,D
1533,F
1534,A
1535,B
1536,C
1537,F
1538,D
1539,F
1540,A
1541,B
1542,C
1543,F
1544,D
1545,F
1546,A
1547,B
1548,C
1549,F
1550,D
1551,F
1552,A
1553,B
1554,C
1555,F
1556,D
1557,F
1558,A
1559,B
1560,C
1561,F
1562,D
1563,F
1564,A
1565,B
1566,C
1567,F
1568,D
1569,F
1570,A
1571,B
1572,C
1573,F
1574,D
1575,F
1576,A
1577,B
1578,C
1579,F
1580,D
1581,F
1582,A
1583,B
1584,C
1585,F
1586,D
1587,F
1588,A
1589,B
1590,C
1591,F
1592,D
1593,F
1594,A
1595,B
1596,C
1597,F
1598,D
1599,F
1600,A
1601,B
1602,C
1603,F
1604,D
1605,F
1606,A
1607,B
1608,C
1609,F
1610,D
1611,F
1612,A
1613,B
1614,C
1615,F
1616,D
1617,F
1618,A
1619,B
1620,C
1621,F
1622,D
1623,F
1624,A
1625,B
1626,C
1627,F
1628,D
1629,F
1630,A
1631,B
1632,C
1633,F
1634,D
1635,F
1636,A
1637,B
1638,C
1639,F
1640,D
1641,F
1642,A
1643,B
1644,C
1645,F
1646,D
1647,F
1648,A
1649,B
1650,C
1651,F
1652,D
1653,F
1654,A
1655,B
1656,C
1657,F
1658,D
1659,F
1660,A
1661,B
1662,C
1663,F
1664,D
1665,F
1666,A
1667,B
1668,C
1669,F
1670,D
1671,F
1672,A
1673,B
1674,C
1675,F
1676,D
1677,F
1678,A
1679,B
1680,C
1681,F
1682,D
1683,F
1684,A
1685,B
1686,C
1687,F
1688,D
1689,F
1690,A
1691,B
1692,C
1693,F
1694,D
1695,F
1696,A
1697,B
1698,C
1699,F
1700,D
1701,F
1702,A
1703,B
1704,C
1705,F
1706,D
1707,F
1708,A
1709,B
1710,C
1711,F
1712,D
1713,F
1714,A
1715,B
1716,C
1717,F
1718,D
1719,F
1720,A
1721,B
1722,C
1723,F
1724,D
1725,F
1726,A
1727,B
1728,C
1729,F
1730,D
1731,F
1732,A
1733,B
1734,C
1735,F
1736,D
1737,F
1738,A
1739,B
1740,C
1741,F
1742,D
1743,F
1744,A
1745,B
1746,C
1747,F
1748,D
1749,F
1750,A
1751,B
1752,C
1753,F
1754,D
1755,F
1756,A
1757,B
1758,C
1759,F
1760,D
1761,F
1762,A
1763,B
1764,C
1765,F
1766,D
1767,F
1768,A
1769,B
1770,C
1771,F
1772,D
1773,F
1774,A
1775,B
1776,C
1777,F
1778,D
1779,F
1780,A
1781,B
1782,C
1783,F
1784,D
1785,F
1786,A
1787,B
1788,C
1789,F
1790,D
1791,F
1792,A
1793,B
1794,C
1795,F
1796,D
1797,F
1798,A
1799,B
1800,C
1801,F
1802,D
1803,F
1804,A
1805,B
1806,C
1807,F
1808,D
1809,F
1810,A
1811,B
1812,C
1813,F
1814,D
1815,F
1816,A
1817,B
1818,C
1819,F
1820,D
1821,F
1822,A
1823,B
1824,C
1825,F
1826,D
1827,F
1828,A
1829,B
1830,C
1831,F
1832,D
1833,F
1834,A
1835,B
1836,C
1837,F
1838,D
1839,F
1840,A
1841,B
1842,C
1843,F
1844,D
1845,F
1846,A
1847,B
1848,C
1849,F
1850,D
1851,F
1852,A
1853,B
1854,C
1855,F
1856,D
1857,F
1858,A
1859,B
1860,C
1861,F
1862,D
1863,F
1864,A
1865,B
1866,C
1867,F
1868,D
1869,F
1870,A
1871,B
1872,C
1873,F
1874,D
1875,F
1876,A
1877,B
1878,C
1879,F
1880,D
1881,F
1882,A
1883,B
1884,C
1885,F
1886,D
1887,F
1888,A
1889,B
1890,C
1891,F
1892,D
1893,F
1894,A
1895,B
1896,C
1897,F
1898,D
1899,F
1900,A
1901,B
1902,C
1903,F
1904,D
1905,F
1906,A
1907,B
1908,C
1909,F
1910,D
1911,F
1912,A
1913,B
1914,C
1915,F
1916,D
1917,F
1918,A
1919,B
1920,C
1921,F
1922,D
1923,F
1924,A
1925,B
1926,C
1927,F
1928,D
1929,F
1930,A
1931,B
1932,C
1933,F
1934,D
1935,F
1936,A
1937,B
1938,C
1939,F
1940,D
1941,F
1942,A
1943,B
1944,C
1945,F
1946,D
1947,F
1948,A
1949,B
1950,C
1951,F
1952,D
1953,F
1954,A
1955,B
1956,C
1957,F
1958,D
1959,F
1960,A
1961,B
1962,C
1963,F
1964,D
1965,F
1966,A
1967,B
1968,C
1969,F
1970,D
1971,F
1972,A
1973,B
1974,C
1975,F
1976,D
1977,F
1978,A
1979,B
1980,C
1981,F
1982,D
1983,F
1984,A
1985,B
1986,C
1987,F
1988,D
1989,F
1990,A
1991,B
1992,C
1993,F
1994,D
1995,F
1996,A
1997,B
1998,C
1999,F
2000,D
2001,F
2002,A
2003,B
2004,C
2005,F
2006,D
2007,F
2008,A
2009,B
2010,C
2011,F
2012,D
2013,F
2014,A
2015,B
2016,C
2017,F
2018,D
2019,F
2020,A
2021,B
2022,C
2023,F
2024,D
2025,F
2026,A
2027,B
2028,C
2029,F
2030,D
2031,F
2032,A
2033,B
2034,C
2035,F
2036,D
2037,F
2038,A
2039,B
2040,C
2041,F
2042,D
2043,F
2044,A
2045,B
2046,C
2047,F
2048,D
2049,F
2050,A
2051,B
2052,C
2053,F
2054,D
2055,F
2056,A
2057,B
2058,C
2059,F
2060,D
2061,F
2062,A
2063,B
2064,C
2065,F
2066,D
2067,F
2068,A
2069,B
2070,C
2071,F
2072,D
2073,F
2074,A
2075,B
2076,C
2077,F
2078,D
2079,F
2080,A
2081,B
2082,C
2083,F
2084,D
2085,F
2086,A
2087,B
2088,C
2089,F
2090,D
2091,F
2092,A
2093,B
2094,C
2095,F
2096,D
2097,F
2098,A
2099,B
2100,C
2101,F
2102,D
2103,F
2104,A
2105,B
2106,C
2107,F
2108,D
2109,F
2110,A
2111,B
2112,C
2113,F
2114,D
2115,F
2116,A
2117,B
2118,C
2119,F
2120,D
2121,F
2122,A
2123,B
2124,C
2125,F
2126,D
2127,F
2128,A
2129,B
2130,C
2131,F
2132,D
2133,F
2134,A
2135,B
2136,C
2137,F
2138,D
2139,F
2140,A
2141,B
2142,C
2143,F
2144,D
2145,F
2146,A
2147,B
2148,C
2149,F
2150,D
2151,F
2152,A
2153,B
2154,C
2155,F
2156,D
2157,F
2158,A
2159,B
2160,C
2161,F
2162,D
2163,F
2164,A
2165,B
2166,C
2167,F
2168,D
2169,F
2170,A
2171,B
2172,C
2173,F
2174,D
2175,F
2176,A
2177,B
2178,C
2179,F
2180,D
2181,F
2182,A
2183,B
2184,C
2185,F
2186,D
2187,F
2188,A
2189,B
2190,C
2191,F
2192,D
2193,F
2194,A
2195,B
2196,C
2197,F
2198,D
2199,F
2200,A
2201,B
2202,C
2203,F
2204,D
2205,F
2206,A
2207,B
2208,C
2209,F
2210,D
2211,F
2212,A
2213,B
2214,C
2215,F
2216,D
2217,F
2218,A
2219,B
2220,C
2221,F
2222,D
2223,F
2224,A
2225,B
2226,C
2227,F
2228,D
2229,F
2230,A
2231,B
2232,C
2233,F
2234,D
2235,F
2236,A
2237,B
2238,C
2239,F
2240,D
2241,F
2242,A
2243,B
2244,C
2245,F
2246,D
2247,F
2248,A
2249,B
2250,C
2251,F
2252,D
2253,F
2254,A
2255,B
2256,C
2257,F
2258,D
2259,F
2260,A
2261,B
2262,C
2263,F
2264,D
2265,F
2266,A
2267,B
2268,C
2269,F
2270,D
2271,F
2272,A
2273,B
2274,C
2275,F
2276,D
2277,F
2278,A
2279,B
2280,C
2281,F
2282,D
2283,F
2284,A
2285,B
2286,C
2287,F
2288,D
2289,F
2290,A
2291,B
2292,C
2293,F
2294,D
2295,F
2296,A
2297,B
2298,C
2299,F
2300,D
2301,F
2302,A
2303,B
2304,C
2305,F
2306,D
2307,F
2308,A
2309,B
2310,C
2311,F
2312,D
2313,F
2314,A
2315,B
2316,C
2317,F
2318,D
2319,F
2320,A
2321,B
2322,C
2323,F
2324,D
2325,F
2326,A
2327,B
2328,C
2329,F
2330,D
2331,F
2332,A
2333,B
2334,C
2335,F
2336,D
2337,F
2338,A
2339,B
2340,C
2341,F
2342,D
2343,F
2344,A
2345,B
2346,C
2347,F
2348,D
2349,F
2350,A
2351,B
2352,C
2353,F
2354,D
2355,F
2356,A
2357,B
2358,C
2359,F
2360,D
2361,F
2362,A
2363,B
2364,C
2365,F
2366,D
2367,F
2368,A
2369,B
2370,C
2371,F
2372,D
2373,F
2374,A
2375,B
2376,C
2377,F
2378,D
2379,F
2380,A
2381,B
2382,C
2383,F
2384,D
2385,F
2386,A
2387,B
2388,C
2389,F
2390,D
2391,F
2392,A
2393,B
2394,C
2395,F
2396,D
2397,F
2398,A
2399,B
2400,C
2401,F
2402,D
2403,F
2404,A
2405,B
2406,C
2407,F
2408,D
2409,F
2410,A
2411,B
2412,C
2413,F
2414,D
2415,F
2416,A
2417,B
2418,C
2419,F
2420,D
2421,F
2422,A
2423,B
2424,C
2425,F
2426,D
2427,F
2428,A
2429,B
2430,C
2431,F
2432,D
2433,F
2434,A
2435,B
2436,C
2437,F
2438,D
2439,F
2440,A
2441,B
2442,C
2443,F
2444,D
2445,F
2446,A
2447,B
2448,C
2449,F
2450,D
2451,F
2452,A
2453,B
2454,C
2455,F
2456,D
2457,F
2458,A
2459,B
2460,C
2461,F
2462,D
2463,F
2464,A
2465,B
2466,C
2467,F
2468,D
2469,F
2470,A
2471,B
2472,C
2473,F
2474,D
2475,F
2476,A
2477,B
2478,C
2479,F
2480,D
2481,F
2482,A
2483,B
2484,C
2485,F
2486,D
2487,F
2488,A
2489,B
2490,C
2491,F
2492,D
2493,F
2494,A
2495,B
2496,C
2497,F
2498,D
2499,F
2500,A
2501,B
2502,C
2503,F
2504,D
2505,F
2506,A
2507,B
2508,C
2509,F
2510,D
2511,F
2512,A
2513,B
2514,C
2515,F
2516,D
2517,F
2518,A
2519,B
2520,C
2521,F
2522,D
2523,F
2524,A
2525,B
2526,C
2527,F
2528,D
2529,F
2530,A
2531,B
2532,C
2533,F
2534,D
2535,F
2536,A
2537,B
2538,C
2539,F
2540,D
2541,F
2542,A
2543,B
2544,C
2545,F
2546,D
2547,F
2548,A
2549,B
2550,C
2551,F
2552,D
2553,F
2554,A
2555,B
2556,C
2557,F
2558,D
2559,F
2560,A
2561,B
2562,C
2563,F
2564,D
2565,F
2566,A
2567,B
2568,C
2569,F
2570,D
2571,F
2572,A
2573,B
2574,C
2575,F
2576,D
2577,F
2578,A
2579,B
2580,C
2581,F
2582,D
2583,F
2584,A
2585,B
2586,C
2587,F
2588,D
2589,F
2590,A
2591,B
2592,C
2593,F
2594,D
2595,F
2596,A
2597,B
2598,C
2599,F
2600,D
2601,F
2602,A
2603,B
2604,C
2605,F
2606,D
2607,F
2608,A
2609,B
2610,C
2611,F
2612,D
2613,F
2614,A
2615,B
2616,C
2617,F
2618,D
2619,F
2620,A
2621,B
2622,C
2623,F
2624,D
2625,F
2626,A
2627,B
2628,C
2629,F
2630,D
2631,F
2632,A
2633,B
2634,C
2635,F
2636,D
2637,F
2638,A
2639,B
2640,C
2641,F
2642,D
2643,F
2644,A
2645,B
2646,C
2647,F
2648,D
2649,F
2650,A
2651,B
2652,C
2653,F
2654,D
2655,F
2656,A
2657,B
2658,C
2659,F
2660,D
2661,F
2662,A
2663,B
2664,C
2665,F
2666,D
2667,F
2668,A
2669,B
2670,C
2671,F
2672,D
2673,F
2674,A
2675,B
2676,C
2677,F
2678,D
2679,F
2680,A
2681,B
2682,C
2683,F
2684,D
2685,F
2686,A
2687,B
2688,C
2689,F
2690,D
2691,F
2692,A
2693,B
2694,C
2695,F
2696,D
2697,F
2698,A
2699,B
2700,C
2701,F
2702,D
2703,F
2704,A
2705,B
2706,C
2707,F
2708,D
2709,F
2710,A
2711,B
2712,C
2713,F
2714,D
2715,F
2716,A
2717,B
2718,C
2719,F
2720,D
2721,F
2722,A
2723,B
2724,C
2725,F
2726,D
2727,F
2728,A
2729,B
2730,C
2731,F
2732,D
2733,F
2734,A
2735,B
2736,C
2737,F
2738,D
2739,F
2740,A
2741,B
2742,C
2743,F
2744,D
2745,F
2746,A
2747,B
2748,C
2749,F
2750,D
2751,F
2752,A
2753,B
2754,C
2755,F
2756,D
2757,F
2758,A
2759,B
2760,C
2761,F
2762,D
2763,F
2764,A
2765,B
2766,C
2767,F
2768,D
2769,F
2770,A
2771,B
2772,C
2773,F
2774,D
2775,F
2776,A
2777,B
2778,C
2779,F
2780,D
2781,F
2782,A
2783,B
2784,C
2785,F
2786,D
2787,F
2788,A
2789,B
2790,C
2791,F
2792,D
2793,F
2794,A
2795,B
2796,C
2797,F
2798,D
2799,F
2800,A
2801,B
2802,C
2803,F
2804,D
2805,F
2806,A
2807,B
2808,C
2809,F
2810,D
2811,F
2812,A
2813,B
2814,C
2815,F
2816,D
2817,F
2818,A
2819,B
2820,C
2821,F
2822,D
2823,F
2824,A
2825,B
2826,C
2827,F
2828,D
2829,F
2830,A
2831,B
2832,C
2833,F
2834,D
2835,F
2836,A
2837,B
2838,C
2839,F
2840,D
2841,F
2842,A
2843,B
2844,C
2845,F
2846,D
2847,F
2848,A
2849,B
2850,C
2851,F
2852,D
2853,F
2854,A
2855,B
2856,C
2857,F
2858,D
2859,F
2860,A
2861,B
2862,C
2863,F
2864,D
2865,F
2866,A
2867,B
2868,C
2869,F
2870,D
2871,F
2872,A
2873,B
2874,C
2875,F
2876,D
2877,F
2878,A
2879,B
2880,C
2881,F
2882,D
2883,F
2884,A
2885,B
2886,C
2887,F
2888,D
2889,F
2890,A
2891,B
2892,C
2893,F
2894,D
2895,F
2896,A
2897,B
2898,C
2899,F
2900,D
2901,F
2902,A
2903,B
2904,C
2905,F
2906,D
2907,F
2908,A
2909,B
2910,C
2911,F
2912,D
2913,F
2914,A
2915,B
2916,C
2917,F
2918,D
2919,F
2920,A
2921,B
2922,C
2923,F
2924,D
2925,F
2926,A
2927,B
2928,C
2929,F
2930,D
2931,F
2932,A
2933,B
2934,C
2935,F
2936,D
2937,F
2938,A
2939,B
2940,C
2941,F
2942,D
2943,F
2944,A
2945,B
2946,C
2947,F
2948,D
2949,F
2950,A
2951,B
2952,C
2953,F
2954,D
2955,F
2956,A
2957,B
2958,C
2959,F
2960,D
2961,F
2962,A
2963,B
2964,C
2965,F
2966,D
2967,F
2968,A
2969,B
2970,C
2971,F
2972,D
2973,F
2974,A
2975,B
2976,C
2977,F
2978,D
2979,F
2980,A
2981,B
2982,C
2983,F
2984,D
2985,F
2986,A
2987,B
2988,C
2989,F
2990,D
2991,F
2992,A
2993,B
2994,C
2995,F
2996,D
2997,F
2998,A
2999,B
3000,C
3001,F
3002,D
3003,F
3004,A
3005,B
3006,C
3007,F
3008,D
3009,F
3010,A
3011,B
3012,C
3013,F
3014,D
3015,F
3016,A
3017,B
3018,C
3019,F
3020,D
3021,F
3022,A
3023,B
3024,C
3025,F
3026,D
3027,F
3028,A
3029,B
3030,C
3031,F
3032,D
3033,F
3034,A
3035,B
3036,C
3037,F
3038,D
3039,F
3040,A
3041,B
3042,C
3043,F
3044,D
3045,F
3046,A
3047,B
3048,C
3049,F
3050,D
3051,F
3052,A
3053,B
3054,C
3055,F
3056,D
3057,F
3058,A
3059,B
3060,C
3061,F
3062,D
3063,F
3064,A
3065,B
3066,C
3067,F
3068,D
3069,F
3070,A
3071,B
3072,C
3073,F
3074,D
3075,F
3076,A
3077,B
3078,C
3079,F
3080,D
3081,F
3082,A
3083,B
3084,C
3085,F
3086,D
3087,F
3088,A
3089,B
3090,C
3091,F
3092,D
3093,F
3094,A
3095,B
3096,C
3097,F
3098,D
3099,F
3100,A
3101,B
3102,C
3103,F
3104,D
3105,F
3106,A
3107,B
3108,C
3109,F
3110,D
3111,F
3112,A
3113,B
3114,C
3115,F
3116,D
3117,F
3118,A
3119,B
3120,C
3121,F
3122,D
3123,F
3124,A
3125,B
3126,C
3127,F
3128,D
3129,F
3130,A
3131,B
3132,C
3133,F
3134,D
3135,F
3136,A
3137,B
3138,C
3139,F
3140,D
3141,F
3142,A
3143,B
3144,C
3145,F
3146,D
3147,F
3148,A
3149,B
3150,C
3151,F
3152,D
3153,F
3154,A
3155,B
3156,C
3157,F
3158,D
3159,F
3160,A
3161,B
3162,C
3163,F
3164,D
3165,F
3166,A
3167,B
3168,C
3169,F
3170,D
3171,F
3172,A
3173,B
3174,C
3175,F
3176,D
3177,F
3178,A
3179,B
3180,C
3181,F
3182,D
3183,F
3184,A
3185,B
3186,C
3187,F
3188,D
3189,F
3190,A
3191,B
3192,C
3193,F
3194,D
3195,F
3196,A
3197,B
3198,C
3199,F
3200,D
3201,F
3202,A
3203,B
3204,C
3205,F
3206,D
3207,F
3208,A
3209,B
3210,C
3211,F
3212,D
3213,F
3214,A
3215,B
3216,C
3217,F
3218,D
3219,F
3220,A
3221,B
3222,C
3223,F
3224,D
3225,F
3226,A
3227,B
3228,C
3229,F
3230,D
3231,F
3232,A
3233,B
3234,C
3235,F
3236,D
3237,F
3238,A
3239,B
3240,C
3241,F
3242,D
3243,F
3244,A
3245,B
3246,C
3247,F
3248,D
3249,F
3250,A
3251,B
3252,C
3253,F
3254,D
3255,F
3256,A
3257,B
3258,C
3259,F
3260,D
3261,F
3262,A
3263,B
3264,C
3265,F
3266,D
3267,F
3268,A
3269,B
3270,C
3271,F
3272,D
3273,F
3274,A
3275,B
3276,C
3277,F
3278,D
3279,F
3280,A
3281,B
3282,C
3283,F
3284,D
3285,F
3286,A
3287,B
3288,C
3289,F
3290,D
3291,F
3292,A
3293,B
3294,C
3295,F
3296,D
3297,F
3298,A
3299,B
3300,C
3301,F
3302,D
3303,F
3304,A
3305,B
3306,C
3307,F
3308,D
3309,F
3310,A
3311,B
3312,C
3313,F
3314,D
3315,F
3316,A
3317,B
3318,C
3319,F
3320,D
3321,F
3322,A
3323,B
3324,C
3325,F
3326,D
3327,F
3328,A
3329,B
3330,C
3331,F
3332,D
3333,F
3334,A
3335,B
3336,C
3337,F
3338,D
3339,F
3340,A
3341,B
3342,C
3343,F
3344,D
3345,F
3346,A
3347,B
3348,C
3349,F
3350,D
3351,F
3352,A
3353,B
3354,C
3355,F
3356,D
3357,F
3358,A
3359,B
3360,C
3361,F
3362,D
3363,F
3364,A
3365,B
3366,C
3367,F
3368,D
3369,F
3370,A
3371,B
3372,C
3373,F
3374,D
3375,F
3376,A
3377,B
3378,C
3379,F
3380,D
3381,F
3382,A
3383,B
3384,C
3385,F
3386,D
3387,F
3388,A
3389,B
3390,C
3391,F
3392,D
3393,F
3394,A
3395,B
3396,C
3397,F
3398,D
3399,F
3400,A
3401,B
3402,C
3403,F
3404,D
3405,F
3406,A
3407,B
3408,C
3409,F
3410,D
3411,F
3412,A
3413,B
3414,C
3415,F
3416,D
3417,F
3418,A
3419,B
3420,C
3421,F
3422,D
3423,F
3424,A
3425,B
3426,C
3427,F
3428,D
3429,F
3430,A
3431,B
3432,C
3433,F
3434,D
3435,F
3436,A
3437,B
3438,C
3439,F
3440,D
3441,F
3442,A
3443,B
3444,C
3445,F
3446,D
3447,F
3448,A
3449,B
3450,C
3451,F
3452,D
3453,F
3454,A
3455,B
3456,C
3457,F
3458,D
3459,F
3460,A
3461,B
3462,C
3463,F
3464,D
3465,F
3466,A
3467,B
3468,C
3469,F
3470,D
3471,F
3472,A
3473,B
3474,C
3475,F
3476,D
3477,F
3478,A
3479,B
3480,C
3481,F
3482,D
3483,F
3484,A
3485,B
3486,C
3487,F
3488,D
3489,F
3490,A
3491,B
3492,C
3493,F
3494,D
3495,F
3496,A
3497,B
3498,C
3499,F
3500,D
3501,F
3502,A
3503,B
3504,C
3505,F
3506,D
3507,F
3508,A
3509,B
3510,C
3511,F
3512,D
3513,F
3514,A
3515,B
3516,C
3517,F
3518,D
3519,F
3520,A
3521,B
3522,C
3523,F
3524,D
3525,F
3526,A
3527,B
3528,C
3529,F
3530,D
3531,F
3532,A
3533,B
3534,C
3535,F
3536,D
3537,F
3538,A
3539,B
3540,C
3541,F
3542,D
3543,F
3544,A
3545,B
3546,C
3547,F
3548,D
3549,F
3550,A
3551,B
3552,C
3553,F
3554,D
3555,F
3556,A
3557,B
3558,C
3559,F
3560,D
3561,F
3562,A
3563,B
3564,C
3565,F
3566,D
3567,F
3568,A
3569,B
3570,C
3571,F
3572,D
3573,F
3574,A
3575,B
3576,C
3577,F
3578,D
3579,F
3580,A
3581,B
3582,C
3583,F
3584,D
3585,F
3586,A
3587,B
3588,C
3589,F
3590,D
3591,F
3592,A
3593,B
3594,C
3595,F
3596,D
3597,F
3598,A
3599,B
3600,C
3601,F
3602,D
3603,F
3604,A
3605,B
3606,C
3607,F
3608,D
3609,F
3610,A
3611,B
3612,C
3613,F
3614,D
3615,F
3616,A
3617,B
3618,C
3619,F
3620,D
3621,F
3622,A
3623,B
3624,C
3625,F
3626,D
3627,F
3628,A
3629,B
3630,C
3631,F
3632,D
3633,F
3634,A
3635,B
3636,C
3637,F
3638,D
3639,F
3640,A
3641,B
3642,C
3643,F
3644,D
3645,F
3646,A
3647,B
3648,C
3649,F
3650,D
3651,F
3652,A
3653,B
3654,C
3655,F
3656,D
3657,F
3658,A
3659,B
3660,C
3661,F
3662,D
3663,F
3664,A
3665,B
3666,C
3667,F
3668,D
3669,F
3670,A
3671,B
3672,C
3673,F
3674,D
3675,F
3676,A
3677,B
3678,C
3679,F
3680,D
3681,F
3682,A
3683,B
3684,C
3685,F
3686,D
3687,F
3688,A
3689,B
3690,C
3691,F
3692,D
3693,F
3694,A
3695,B
3696,C
3697,F
3698,D
3699,F
3700,A
3701,B
3702,C
3703,F
3704,D
3705,F
3706,A
3707,B
3708,C
3709,F
3710,D
3711,F
3712,A
3713,B
3714,C
3715,F
3716,D
3717,F
3718,A
3719,B
3720,C
3721,F
3722,D
3723,F
3724,A
3725,B
3726,C
3727,F
3728,D
3729,F
3730,A
3731,B
3732,C
3733,F
3734,D
3735,F
3736,A
3737,B
3738,C
3739,F
3740,D
3741,F
3742,A
3743,B
3744,C
3745,F
3746,D
3747,F
3748,A
3749,B
3750,C
3751,F
3752,D
3753,F
3754,A
3755,B
3756,C
3757,F
3758,D
3759,F
3760,A
3761,B
3762,C
3763,F
3764,D
3765,F
3766,A
3767,B
3768,C
3769,F
3770,D
3771,F
3772,A
3773,B
3774,C
3775,F
3776,D
3777,F
3778,A
3779,B
3780,C
3781,F
3782,D
3783,F
3784,A
3785,B
3786,C
3787,F
3788,D
3789,F
3790,A
3791,B
3792,C
3793,F
3794,D
3795,F
3796,A
3797,B
3798,C
3799,F
3800,D
3801,F
3802,A
3803,B
3804,C
3805,F
3806,D
3807,F
3808,A
3809,B
3810,C
3811,F
3812,D
3813,F
3814,A
3815,B
3816,C
3817,F
3818,D
3819,F
3820,A
3821,B
3822,C
3823,F
3824,D
3825,F
3826,A
3827,B
3828,C
3829,F
3830,D
3831,F
3832,A
3833,B
3834,C
3835,F
3836,D
3837,F
3838,A
3839,B
3840,C
3841,F
3842,D
3843,F
3844,A
3845,B
3846,C
3847,F
3848,D
3849,F
3850,A
3851,B
3852,C
3853,F
3854,D
3855,F
3856,A
3857,B
3858,C
3859,F
3860,D
3861,F
3862,A
3863,B
3864,C
3865,F
3866,D
3867,F
3868,A
3869,B
3870,C
3871,F
3872,D
3873,F
3874,A
3875,B
3876,C
3877,F
3878,D
3879,F
3880,A
3881,B
3882,C
3883,F
3884,D
3885,F
3886,A
3887,B
3888,C
3889,F
3890,D
3891,F
3892,A
3893,B
3894,C
3895,F
3896,D
3897,F
3898,A
3899,B
3900,C
3901,F
3902,D
3903,F
3904,A
3905,B
3906,C
3907,F
3908,D
3909,F
3910,A
3911,B
3912,C
3913,F
3914,D
3915,F
3916,A
3917,B
3918,C
3919,F
3920,D
3921,F
3922,A
3923,B
3924,C
3925,F
3926,D
3927,F
3928,A
3929,B
3930,C
3931,F
3932,D
3933,F
3934,A
3935,B
3936,C
3937,F
3938,D
3939,F
3940,A
3941,B
3942,C
3943,F
3944,D
3945,F
3946,A
3947,B
3948,C
3949,F
3950,D
3951,F
3952,A
3953,B
3954,C
3955,F
3956,D
3957,F
3958,A
3959,B
3960,C
3961,F
3962,D
3963,F
3964,A
3965,B
3966,C
3967,F
3968,D
3969,F
3970,A
3971,B
3972,C
3973,F
3974,D
3975,F
3976,A
3977,B
3978,C
3979,F
3980,D
3981,F
3982,A
3983,B
3984,C
3985,F
3986,D
3987,F
3988,A
3989,B
3990,C
3991,F
3992,D
3993,F
3994,A
3995,B
3996,C
3997,F
3998,D
3999,F
4000,A
4001,B
4002,C
4003,F
4004,D
4005,F
4006,A
4007,B
4008,C
4009,F
4010,D
4011,F
4012,A
4013,B
4014,C
4015,F
4016,D
4017,F
4018,A
4019,B
4020,C
4021,F
4022,D
4023,F
4024,A
4025,B
4026,C
4027,F
4028,D
4029,F
4030,A
4031,B
4032,C
4033,F
4034,D
4035,F
4036,A
4037,B
4038,C
4039,F
4040,D
4041,F
4042,A
4043,B
4044,C
4045,F
4046,D
4047,F
4048,A
4049,B
4050,C
4051,F
4052,D
4053,F
4054,A
4055,B
4056,C
4057,F
4058,D
4059,F
4060,A
4061,B
4062,C
4063,F
4064,D
4065,F
4066,A
4067,B
4068,C
4069,F
4070,D
4071,F
4072,A
4073,B
4074,C
4075,F
4076,D
4077,F
4078,A
4079,B
4080,C
4081,F
4082,D
4083,F
4084,A
4085,B
4086,C
4087,F
4088,D
4089,F
4090,A
4091,B
4092,C
4093,F
4094,D
4095,F
4096,A
4097,B
4098,C
4099,F
4100,D
4101,F
4102,A
4103,B
4104,C
4105,F
4106,D
4107,F
4108,A
4109,B
4110,C
4111,F
4112,D
4113,F
4114,A
4115,B
4116,C
4117,F
4118,D
4119,F
4120,A
4121,B
4122,C
4123,F
4124,D
4125,F
4126,A
4127,B
4128,C
4129,F
4130,D
4131,F
4132,A
4133,B
4134,C
4135,F
4136,D
4137,F
4138,A
4139,B
4140,C
4141,F
4142,D
4143,F
4144,A
4145,B
4146,C
4147,F
4148,D
4149,F
4150,A
4151,B
4152,C
4153,F
4154,D
4155,F
4156,A
4157,B
4158,C
4159,F
4160,D
4161,F
4162,A
4163,B
4164,C
4165,F
4166,D
4167,F
4168,A
4169,B
4170,C
4171,F
4172,D
4173,F
4174,A
4175,B
4176,C
4177,F
4178,D
4179,F
4180,A
4181,B
4182,C
4183,F
4184,D
4185,F
4186,A
4187,B
4188,C
4189,F
4190,D
4191,F
4192,A
4193,B
4194,C
4195,F
4196,D
4197,F
4198,A
4199,B
4200,C
4201,F
4202,D
4203,F
4204,A
4205,B
4206,C
4207,F
4208,D
4209,F
4210,A
4211,B
4212,C
4213,F
4214,D
4215,F
4216,A
4217,B
4218,C
4219,F
4220,D
4221,F
4222,A
4223,B
4224,C
4225,F
4226,D
4227,F
4228,A
4229,B
4230,C
4231,F
4232,D
4233,F
4234,A
4235,B
4236,C
4237,F
4238,D
4239,F
4240,A
4241,B
4242,C
4243,F
4244,D
4245,F
4246,A
4247,B
4248,C
4249,F
4250,D
4251,F
4252,A
4253,B
4254,C
4255,F
4256,D
4257,F
4258,A
4259,B
4260,C
4261,F
4262,D
4263,F
4264,A
4265,B
4266,C
4267,F
4268,D
4269,F
4270,A
4271,B
4272,C
4273,F
4274,D
4275,F
4276,A
4277,B
4278,C
4279,F
4280,D
4281,F
4282,A
4283,B
4284,C
4285,F
4286,D
4287,F
4288,A
4289,B
4290,C
4291,F
4292,D
4293,F
4294,A
4295,B
4296,C
4297,F
4298,D
4299,F
4300,A
4301,B
4302,C
4303,F
4304,D
4305,F
4306,A
4307,B
4308,C
4309,F
4310,D
4311,F
4312,A
4313,B
4314,C
4315,F
4316,D
4317,F
4318,A
4319,B
4320,C
4321,F
4322,D
4323,F
4324,A
4325,B
4326,C
4327,F
4328,D
4329,F
4330,A
4331,B
4332,C
4333,F
4334,D
4335,F
4336,A
4337,B
4338,C
4339,F
4340,D
4341,F
4342,A
4343,B
4344,C
4345,F
4346,D
4347,F
4348,A
4349,B
4350,C
4351,F
4352,D
4353,F
4354,A
4355,B
4356,C
4357,F
4358,D
4359,F
4360,A
4361,B
4362,C
4363,F
4364,D
4365,F
4366,A
4367,B
4368,C
4369,F
4370,D
4371,F
4372,A
4373,B
4374,C
4375,F
4376,D
4377,F
4378,A
4379,B
4380,C
4381,F
4382,D
4383,F
4384,A
4385,B
4386,C
4387,F
4388,D
4389,F
4390,A
4391,B
4392,C
4393,F
4394,D
4395,F
4396,A
4397,B
4398,C
4399,F
4400,D
4401,F
4402,A
4403,B
4404,C
4405,F
4406,D
4407,F
4408,A
4409,B
4410,C
4411,F
4412,D
4413,F
4414,A
4415,B
4416,C
4417,F
4418,D
4419,F
4420,A
4421,B
4422,C
4423,F
4424,D
4425,F
4426,A
4427,B
4428,C
4429,F
4430,D
4431,F
4432,A
4433,B
4434,C
4435,F
4436,D
4437,F
4438,A
4439,B
4440,C
4441,F
4442,D
4443,F
4444,A
4445,B
4446,C
4447,F
4448,D
4449,F
4450,A
4451,B
4452,C
4453,F
4454,D
4455,F
4456,A
4457,B
4458,C
4459,F
4460,D
4461,F
4462,A
4463,B
4464,C
4465,F
4466,D
4467,F
4468,A
4469,B
4470,C
4471,F
4472,D
4473,F
4474,A
4475,B
4476,C
4477,F
4478,D
4479,F
4480,A
4481,B
4482,C
4483,F
4484,D
4485,F
4486,A
4487,B
4488,C
4489,F
4490,D
4491,F
4492,A
4493,B
4494,C
4495,F
4496,D
4497,F
4498,A
4499,B
4500,C
4501,F
4502,D
4503,F
4504,A
4505,B
4506,C
4507,F
4508,D
4509,F
4510,A
4511,B
4512,C
4513,F
4514,D
4515,F
4516,A
4517,B
4518,C
4519,F
4520,D
4521,F
4522,A
4523,B
4524,C
4525,F
4526,D
4527,F
4528,A
4529,B
4530,C
4531,F
4532,D
4533,F
4534,A
4535,B
4536,C
4537,F
4538,D
4539,F
4540,A
4541,B
4542,C
4543,F
4544,D
4545,F
4546,A
4547,B
4548,C
4549,F
4550,D
4551,F
4552,A
4553,B
4554,C
4555,F
4556,D
4557,F
4558,A
4559,B
4560,C
4561,F
4562,D
4563,F
4564,A
4565,B
4566,C
4567,F
4568,D
4569,F
4570,A
4571,B
4572,C
4573,F
4574,D
4575,F
4576,A
4577,B
4578,C
4579,F
4580,D
4581,F
4582,A
4583,B
4584,C
4585,F
4586,D
4587,F
4588,A
4589,B
4590,C
4591,F
4592,D
4593,F
4594,A
4595,B
4596,C
4597,F
4598,D
4599,F
4600,A
4601,B
4602,C
4603,F
4604,D
4605,F
4606,A
4607,B
4608,C
4609,F
4610,D
4611,F
4612,A
4613,B
4614,C
4615,F
4616,D
4617,F
4618,A
4619,B
4620,C
4621,F
4622,D
4623,F
4624,A
4625,B
4626,C
4627,F
4628,D
4629,F
4630,A
4631,B
4632,C
4633,F
4634,D
4635,F
4636,A
4637,B
4638,C
4639,F
4640,D
4641,F
4642,A
4643,B
4644,C
4645,F
4646,D
4647,F
4648,A
4649,B
4650,C
4651,F
4652,D
4653,F
4654,A
4655,B
4656,C
4657,F
4658,D
4659,F
4660,A
4661,B
4662,C
4663,F
4664,D
4665,F
4666,A
4667,B
4668,C
4669,F
4670,D
4671,F
4672,A
4673,B
4674,C
4675,F
4676,D
4677,F
4678,A
4679,B
4680,C
4681,F
4682,D
4683,F
4684,A
4685,B
4686,C
4687,F
4688,D
4689,F
4690,A
4691,B
4692,C
4693,F
4694,D
4695,F
4696,A
4697,B
4698,C
4699,F
4700,D
4701,F
4702,A
4703,B
4704,C
4705,F
4706,D
4707,F
4708,A
4709,B
4710,C
4711,F
4712,D
4713,F
4714,A
4715,B
4716,C
4717,F
4718,D
4719,F
4720,A
4721,B
4722,C
4723,F
4724,D
4725,F
4726,A
4727,B
4728,C
4729,F
4730,D
4731,F
4732,A
4733,B
4734,C
4735,F
4736,D
4737,F
4738,A
4739,B
4740,C
4741,F
4742,D
4743,F
4744,A
4745,B
4746,C
4747,F
4748,D
4749,F
4750,A
4751,B
4752,C
4753,F
4754,D
4755,F
4756,A
4757,B
4758,C
4759,F
4760,D
4761,F
4762,A
4763,B
4764,C
4765,F
4766,D
4767,F
4768,A
4769,B
4770,C
4771,F
4772,D
4773,F
4774,A
4775,B
4776,C
4777,F
4778,D
4779,F
4780,A
4781,B
4782,C
4783,F
4784,D
4785,F
4786,A
4787,B
4788,C
4789,F
4790,D
4791,F
4792,A
4793,B
4794,C
4795,F
4796,D
4797,F
4798,A
4799,B
4800,C
4801,F
4802,D
4803,F
4804,A
4805,B
4806,C
4807,F
4808,D
4809,F
4810,A
4811,B
4812,C
4813,F
4814,D
4815,F
4816,A
4817,B
4818,C
4819,F
4820,D
4821,F
4822,A
4823,B
4824,C
4825,F
4826,D
4827,F
4828,A
4829,B
4830,C
4831,F
4832,D
4833,F
4834,A
4835,B
4836,C
4837,F
4838,D
4839,F
4840,A
4841,B
4842,C
4843,F
4844,D
4845,F
4846,A
4847,B
4848,C
4849,F
4850,D
4851,F
4852,A
4853,B
4854,C
4855,F
4856,D
4857,F
4858,A
4859,B
4860,C
4861,F
4862,D
4863,F
4864,A
4865,B
4866,C
4867,F
4868,D
4869,F
4870,A
4871,B
4872,C
4873,F
4874,D
4875,F
4876,A
4877,B
4878,C
4879,F
4880,D
4881,F
4882,A
4883,B
4884,C
4885,F
4886,D
4887,F
4888,A
4889,B
4890,C
4891,F
4892,D
4893,F
4894,A
4895,B
4896,C
4897,F
4898,D
4899,F
4900,A
4901,B
4902,C
4903,F
4904,D
4905,F
4906,A
4907,B
4908,C
4909,F
4910,D
4911,F
4912,A
4913,B
4914,C
4915,F
4916,D
4917,F
4918,A
4919,B
4920,C
4921,F
4922,D
4923,F
4924,A
4925,B
4926,C
4927,F
4928,D
4929,F
4930,A
4931,B
4932,C
4933,F
4934,D
4935,F
4936,A
4937,B
4938,C
4939,F
4940,D
4941,F
4942,A
4943,B
4944,C
4945,F
4946,D
4947,F
4948,A
4949,B
4950,C
4951,F
4952,D
4953,F
4954,A
4955,B
4956,C
4957,F
4958,D
4959,F
4960,A
4961,B
4962,C
4963,F
4964,D
4965,F
4966,A
4967,B
4968,C
4969,F
4970,D
4971,F
4972,A
4973,B
4974,C
4975,F
4976,D
4977,F
4978,A
4979,B
4980,C
4981,F
4982,D
4983,F
4984,A
4985,B
4986,C
4987,F
4988,D
4989,F
4990,A
4991,B
4992,C
4993,F
4994,D
4995,F
4996,A
4997,B
4998,C
4999,F
5000,D
5001,F
5002,A
5003,B
5004,C
5005,F
5006,D
5007,F
5008,A
5009,B
5010,C
5011,F
5012,D
5013,F
5014,A
5015,B
5016,C
5017,F
5018,D
5019,F
5020,A
5021,B
5022,C
5023,F
5024,D
5025,F
5026,A
5027,B
5028,C
5029,F
5030,D
5031,F
5032,A
5033,B
5034,C
5035,F
5036,D
5037,F
5038,A
5039,B
5040,C
5041,F
5042,D
5043,F
5044,A
5045,B
5046,C
5047,F
5048,D
5049,F
5050,A
5051,B
5052,C
5053,F
5054,D
5055,F
5056,A
5057,B
5058,C
5059,F
5060,D
5061,F
5062,A
5063,B
5064,C
5065,F
5066,D
5067,F
5068,A
5069,B
5070,C
5071,F
5072,D
5073,F
5074,A
5075,B
5076,C
5077,F
5078,D
5079,F
5080,A
5081,B
5082,C
5083,F
5084,D
5085,F
5086,A
5087,B
5088,C
5089,F
5090,D
5091,F
5092,A
5093,B
5094,C
5095,F
5096,D
5097,F
5098,A
5099,B
5100,C
5101,F
5102,D
5103,F
5104,A
5105,B
5106,C
5107,F
5108,D
5109,F
5110,A
5111,B
5112,C
5113,F
5114,D
5115,F
5116,A
5117,B
5118,C
5119,F
5120,D
5121,F
5122,A
5123,B
5124,C
5125,F
5126,D
5127,F
5128,A
5129,B
5130,C
5131,F
5132,D
5133,F
5134,A
5135,B
5136,C
5137,F
5138,D
5139,F
5140,A
5141,B
5142,C
5143,F
5144,D
5145,F
5146,A
5147,B
5148,C
5149,F
5150,D
5151,F
5152,A
5153,B
5154,C
5155,F
5156,D
5157,F
5158,A
5159,B
5160,C
5161,F
5162,D
5163,F
5164,A
5165,B
5166,C
5167,F
5168,D
5169,F
5170,A
5171,B
5172,C
5173,F
5174,D
5175,F
5176,A
5177,B
5178,C
5179,F
5180,D
5181,F
5182,A
5183,B
5184,C
5185,F
5186,D
5187,F
5188,A
5189,B
5190,C
5191,F
5192,D
5193,F
5194,A
5195,B
5196,C
5197,F
5198,D
5199,F
5200,A
5201,B
5202,C
5203,F
5204,D
5205,F
5206,A
5207,B
5208,C
5209,F
5210,D
5211,F
5212,A
5213,B
5214,C
5215,F
5216,D
5217,F
5218,A
5219,B
5220,C
5221,F
5222,D
5223,F
5224,A
5225,B
5226,C
5227,F
5228,D
5229,F
5230,A
5231,B
5232,C
5233,F
5234,D
5235,F
5236,A
5237,B
5238,C
5239,F
5240,D
5241,F
5242,A
5243,B
5244,C
5245,F
5246,D
5247,F
5248,A
5249,B
5250,C
5251,F
5252,D
5253,F
5254,A
5255,B
5256,C
5257,F
5258,D
5259,F
5260,A
5261,B
5262,C
5263,F
5264,D
5265,F
5266,A
5267,B
5268,C
5269,F
5270,D
5271,F
5272,A
5273,B
5274,C
5275,F
5276,D
5277,F
5278,A
5279,B
5280,C
5281,F
5282,D
5283,F
5284,A
5285,B
5286,C
5287,F
5288,D
5289,F
5290,A
5291,B
5292,C
5293,F
5294,D
5295,F
5296,A
5297,B
5298,C
5299,F
5300,D
5301,F
5302,A
5303,B
5304,C
5305,F
5306,D
5307,F
5308,A
5309,B
5310,C
5311,F
5312,D
5313,F
5314,A
5315,B
5316,C
5317,F
5318,D
5319,F
5320,A
5321,B
5322,C
5323,F
5324,D
5325,F
5326,A
5327,B
5328,C
5329,F
5330,D
5331,F
5332,A
5333,B
5334,C
5335,F
5336,D
5337,F
5338,A
5339,B
5340,C
5341,F
5342,D
5343,F
5344,A
5345,B
5346,C
5347,F
5348,D
5349,F
5350,A
5351,B
5352,C
5353,F
5354,D
5355,F
5356,A
5357,B
5358,C
5359,F
5360,D
5361,F
5362,A
5363,B
5364,C
5365,F
5366,D
5367,F
5368,A
5369,B
5370,C
5371,F
5372,D
5373,F
5374,A
5375,B
5376,C
5377,F
5378,D
5379,F
5380,A
5381,B
5382,C
5383,F
5384,D
5385,F
5386,A
5387,B
5388,C
5389,F
5390,D
5391,F
5392,A
5393,B
5394,C
5395,F
5396,D
5397,F
5398,A
5399,B
5400,C
5401,F
5402,D
5403,F
5404,A
5405,B
5406,C
5407,F
5408,D
5409,F
5410,A
5411,B
5412,C
5413,F
5414,D
5415,F
5416,A
5417,B
5418,C
5419,F
5420,D
5421,F
5422,A
5423,B
5424,C
5425,F
5426,D
5427,F
5428,A
5429,B
5430,C
5431,F
5432,D
5433,F
5434,A
5435,B
5436,C
5437,F
5438,D
5439,F
5440,A
5441,B
5442,C
5443,F
5444,D
5445,F
5446,A
5447,B
5448,C
5449,F
5450,D
5451,F
5452,A
5453,B
5454,C
5455,F
5456,D
5457,F
5458,A
5459,B
5460,C
5461,F
5462,D
5463,F
5464,A
5465,B
5466,C
5467,F
5468,D
5469,F
5470,A
5471,B
5472,C
5473,F
5474,D
5475,F
5476,A
5477,B
5478,C
5479,F
5480,D
5481,F
5482,A
5483,B
5484,C
5485,F
5486,D
5487,F
5488,A
5489,B
5490,C
5491,F
5492,D
5493,F
5494,A
5495,B
5496,C
5497,F
5498,D
5499,F
5500,A
5501,B
5502,C
5503,F
5504,D
5505,F
5506,A
5507,B
5508,C
5509,F
5510,D
5511,F
5512,A
5513,B
5514,C
5515,F
5516,D
5517,F
5518,A
5519,B
5520,C
5521,F
5522,D
5523,F
5524,A
5525,B
5526,C
5527,F
5528,D
5529,F
5530,A
5531,B
5532,C
5533,F
5534,D
5535,F
5536,A
5537,B
5538,C
5539,F
5540,D
5541,F
5542,A
5543,B
5544,C
5545,F
5546,D
5547,F
5548,A
5549,B
5550,C
5551,F
5552,D
5553,F
5554,A
5555,B
5556,C
5557,F
5558,D
5559,F
5560,A
5561,B
5562,C
5563,F
5564,D
5565,F
5566,A
5567,B
5568,C
5569,F
5570,D
5571,F
5572,A
5573,B
5574,C
5575,F
5576,D
5577,F
5578,A
5579,B
5580,C
5581,F
5582,D
5583,F
5584,A
5585,B
5586,C
5587,F
5588,D
5589,F
5590,A
5591,B
5592,C
5593,F
5594,D
5595,F
5596,A
5597,B
5598,C
5599,F
5600,D
5601,F
5602,A
5603,B
5604,C
5605,F
5606,D
5607,F
5608,A
5609,B
5610,C
5611,F
5612,D
5613,F
5614,A
5615,B
5616,C
5617,F
5618,D
5619,F
5620,A
5621,B
5622,C
5623,F
5624,D
5625,F
5626,A
5627,B
5628,C
5629,F
5630,D
5631,F
5632,A
5633,B
5634,C
5635,F
5636,D
5637,F
5638,A
5639,B
5640,C
5641,F
5642,D
5643,F
5644,A
5645,B
5646,C
5647,F
5648,D
5649,F
5650,A
5651,B
5652,C
5653,F
5654,D
5655,F
5656,A
5657,B
5658,C
5659,F
5660,D
5661,F
5662,A
5663,B
5664,C
5665,F
5666,D
5667,F
5668,A
5669,B
5670,C
5671,F
5672,D
5673,F
5674,A
5675,B
5676,C
5677,F
5678,D
5679,F
5680,A
5681,B
5682,C
5683,F
5684,D
5685,F
5686,A
5687,B
5688,C
5689,F
5690,D
5691,F
5692,A
5693,B
5694,C
5695,F
5696,D
5697,F
5698,A
5699,B
5700,C
5701,F
5702,D
5703,F
5704,A
5705,B
5706,C
5707,F
5708,D
5709,F
5710,A
5711,B
5712,C
5713,F
5714,D
5715,F
5716,A
5717,B
5718,C
5719,F
5720,D
5721,F
5722,A
5723,B
5724,C
5725,F
5726,D
5727,F
5728,A
5729,B
5730,C
5731,F
5732,D
5733,F
5734,A
5735,B
5736,C
5737,F
5738,D
5739,F
5740,A
5741,B
5742,C
5743,F
5744,D
5745,F
5746,A
5747,B
5748,C
5749,F
5750,D
5751,F
5752,A
5753,B
5754,C
5755,F
5756,D
5757,F
5758,A
5759,B
5760,C
5761,F
5762,D
5763,F
5764,A
5765,B
5766,C
5767,F
5768,D
5769,F
5770,A
5771,B
5772,C
5773,F
5774,D
5775,F
5776,A
5777,B
5778,C
5779,F
5780,D
5781,F
5782,A
5783,B
5784,C
5785,F
5786,D
5787,F
5788,A
5789,B
5790,C
5791,F
5792,D
5793,F
5794,A
5795,B
5796,C
5797,F
5798,D
5799,F
5800,A
5801,B
5802,C
5803,F
5804,D
5805,F
5806,A
5807,B
5808,C
5809,F
5810,D
5811,F
5812,A
5813,B
5814,C
5815,F
5816,D
5817,F
5818,A
5819,B
5820,C
5821,F
5822,D
5823,F
5824,A
5825,B
5826,C
5827,F
5828,D
5829,F
5830,A
5831,B
5832,C
5833,F
5834,D
5835,F
5836,A
5837,B
5838,C
5839,F
5840,D
5841,F
5842,A
5843,B
5844,C
5845,F
5846,D
5847,F
5848,A
5849,B
5850,C
5851,F
5852,D
5853,F
5854,A
5855,B
5856,C
5857,F
5858,D
5859,F
5860,A
5861,B
5862,C
5863,F
5864,D
5865,F
5866,A
5867,B
5868,C
5869,F
5870,D
5871,F
5872,A
5873,B
5874,C
5875,F
5876,D
5877,F
5878,A
5879,B
5880,C
5881,F
5882,D
5883,F
5884,A
5885,B
5886,C
5887,F
5888,D
5889,F
5890,A
5891,B
5892,C
5893,F
5894,D
5895,F
5896,A
5897,B
5898,C
5899,F
5900,D
5901,F
5902,A
5903,B
5904,C
5905,F
5906,D
5907,F
5908,A
5909,B
5910,C
5911,F
5912,D
5913,F
5914,A
5915,B
5916,C
5917,F
5918,D
5919,F
5920,A
5921,B
5922,C
5923,F
5924,D
5925,F
5926,A
5927,B
5928,C
5929,F
5930,D
5931,F
5932,A
5933,B
5934,C
5935,F
5936,D
5937,F
5938,A
5939,B
5940,C
5941,F
5942,D
5943,F
5944,A
5945,B
5946,C
5947,F
5948,D
5949,F
5950,A
5951,B
5952,C
5953,F
5954,D
5955,F
5956,A
5957,B
5958,C
5959,F
5960,D
5961,F
5962,A
5963,B
5964,C
5965,F
5966,D
5967,F
5968,A
5969,B
5970,C
5971,F
5972,D
5973,F
5974,A
5975,B
5976,C
5977,F
5978,D
5979,F
5980,A
5981,B
5982,C
5983,F
5984,D
5985,F
5986,A
5987,B
5988,C
5989,F
5990,D
5991,F
5992,A
5993,B
5994,C
5995,F
5996,D
5997,F
5998,A
5999,B
6000,C
6001,F
6002,D
6003,F
6004,A
6005,B
6006,C
6007,F
6008,D
6009,F
6010,A
6011,B
6012,C
6013,F
6014,D
6015,F
6016,A
6017,B
6018,C
6019,F
6020,D
6021,F
6022,A
6023,B
6024,C
6025,F
6026,D
6027,F
6028,A
6029,B
6030,C
6031,F
6032,D
6033,F
6034,A
6035,B
6036,C
6037,F
6038,D
6039,F
6040,A
6041,B
6042,C
6043,F
6044,D
6045,F
6046,A
6047,B
6048,C
6049,F
6050,D
6051,F
6052,A
6053,B
6054,C
6055,F
6056,D
6057,F
6058,A
6059,B
6060,C
6061,F
6062,D
6063,F
6064,A
6065,B
6066,C
6067,F
6068,D
6069,F
6070,A
6071,B
6072,C
6073,F
6074,D
6075,F
6076,A
6077,B
6078,C
6079,F
6080,D
6081,F
6082,A
6083,B
6084,C
6085,F
6086,D
6087,F
6088,A
6089,B
6090,C
6091,F
6092,D
6093,F
6094,A
6095,B
6096,C
6097,F
6098,D
6099,F
6100,A
6101,B
6102,C
6103,F
6104,D
6105,F
6106,A
6107,B
6108,C
6109,F
6110,D
6111,F
6112,A
6113,B
6114,C
6115,F
6116,D
6117,F
6118,A
6119,B
6120,C
6121,F
6122,D
6123,F
6124,A
6125,B
6126,C
6127,F
6128,D
6129,F
6130,A
6131,B
6132,C
6133,F
6134,D
6135,F
6136,A
6137,B
6138,C
6139,F
6140,D
6141,F
6142,A
6143,B
6144,C
6145,F
6146,D
6147,F
6148,A
6149,B
6150,C
6151,F
6152,D
6153,F
6154,A
6155,B
6156,C
6157,F
6158,D
6159,F
6160,A
6161,B
6162,C
6163,F
6164,D
6165,F
6166,A
6167,B
6168,C
6169,F
6170,D
6171,F
6172,A
6173,B
6174,C
6175,F
6176,D
6177,F
6178,A
6179,B
6180,C
6181,F
6182,D
6183,F
6184,A
6185,B
6186,C
6187,F
6188,D
6189,F
6190,A
6191,B
6192,C
6193,F
6194,D
6195,F
6196,A
6197,B
6198,C
6199,F
6200,D
6201,F
6202,A
6203,B
6204,C
6205,F
6206,D
6207,F
6208,A
6209,B
6210,C
6211,F
6212,D
6213,F
6214,A
6215,B
6216,C
6217,F
6218,D
6219,F
6220,A
6221,B
6222,C
6223,F
6224,D
6225,F
6226,A
6227,B
6228,C
6229,F
6230,D
6231,F
6232,A
6233,B
6234,C
6235,F
6236,D
6237,F
6238,A
6239,B
6240,C
6241,F
6242,D
6243,F
6244,A
6245,B
6246,C
6247,F
6248,D
6249,F
6250,A
6251,B
6252,C
6253,F
6254,D
6255,F
6256,A
6257,B
6258,C
6259,F
6260,D
6261,F
6262,A
6263,B
6264,C
6265,F
6266,D
6267,F
6268,A
6269,B
6270,C
6271,F
6272,D
6273,F
6274,A
6275,B
6276,C
6277,F
6278,D
6279,F
6280,A
6281,B
6282,C
6283,F
6284,D
6285,F
6286,A
6287,B
6288,C
6289,F
6290,D
6291,F
6292,A
6293,B
6294,C
6295,F
6296,D
6297,F
6298,A
6299,B
6300,C
6301,F
6302,D
6303,F
6304,A
6305,B
6306,C
6307,F
6308,D
6309,F
6310,A
6311,B
6312,C
6313,F
6314,D
6315,F
6316,A
6317,B
6318,C
6319,F
6320,D
6321,F
6322,A
6323,B
6324,C
6325,F
6326,D
6327,F
6328,A
6329,B
6330,C
6331,F
6332,D
6333,F
6334,A
6335,B
6336,C
6337,F
6338,D
6339,F
6340,A
6341,B
6342,C
6343,F
6344,D
6345,F
6346,A
6347,B
6348,C
6349,F
6350,D
6351,F
6352,A
6353,B
6354,C
6355,F
6356,D
6357,F
6358,A
6359,B
6360,C
6361,F
6362,D
6363,F
6364,A
6365,B
6366,C
6367,F
6368,D
6369,F
6370,A
6371,B
6372,C
6373,F
6374,D
6375,F
6376,A
6377,B
6378,C
6379,F
6380,D
6381,F
6382,A
6383,B
6384,C
6385,F
6386,D
6387,F
6388,A
6389,B
6390,C
6391,F
6392,D
6393,F
6394,A
6395,B
6396,C
6397,F
6398,D
6399,F
6400,A
6401,B
6402,C
6403,F
6404,D
6405,F
6406,A
6407,B
6408,C
6409,F
6410,D
6411,F
6412,A
6413,B
6414,C
6415,F
6416,D
6417,F
6418,A
6419,B
6420,C
6421,F
6422,D
6423,F
6424,A
6425,B
6426,C
6427,F
6428,D
6429,F
6430,A
6431,B
6432,C
6433,F
6434,D
6435,F
6436,A
6437,B
6438,C
6439,F
6440,D
6441,F
6442,A
6443,B
6444,C
6445,F
6446,D
6447,F
6448,A
6449,B
6450,C
6451,F
6452,D
6453,F
6454,A
6455,B
6456,C
6457,F
6458,D
6459,F
6460,A
6461,B
6462,C
6463,F
6464,D
6465,F
6466,A
6467,B
6468,C
6469,F
6470,D
6471,F
6472,A
6473,B
6474,C
6475,F
6476,D
6477,F
6478,A
6479,B
6480,C
6481,F
6482,D
6483,F
6484,A
6485,B
6486,C
6487,F
6488,D
6489,F
6490,A
6491,B
6492,C
6493,F
6494,D
6495,F
6496,A
6497,B
6498,C
6499,F
6500,D
6501,F
6502,A
6503,B
6504,C
6505,F
6506,D
6507,F
6508,A
6509,B
6510,C
6511,F
6512,D
6513,F
6514,A
6515,B
6516,C
6517,F
6518,D
6519,F
6520,A
6521,B
6522,C
6523,F
6524,D
6525,F
6526,A
6527,B
6528,C
6529,F
6530,D
6531,F
6532,A
6533,B
6534,C
6535,F
6536,D
6537,F
6538,A
6539,B
6540,C
6541,F
6542,D
6543,F
6544,A
6545,B
6546,C
6547,F
6548,D
6549,F
6550,A
6551,B
6552,C
6553,F
6554,D
6555,F
6556,A
6557,B
6558,C
6559,F
6560,D
6561,F
6562,A
6563,B
6564,C
6565,F
6566,D
6567,F
6568,A
6569,B
6570,C
6571,F
6572,D
6573,F
6574,A
6575,B
6576,C
6577,F
6578,D
6579,F
6580,A
6581,B
6582,C
6583,F
6584,D
6585,F
6586,A
6587,B
6588,C
6589,F
6590,D
6591,F
6592,A
6593,B
6594,C
6595,F
6596,D
6597,F
6598,A
6599,B
6600,C
6601,F
6602,D
6603,F
6604,A
6605,B
6606,C
6607,F
6608,D
6609,F
6610,A
6611,B
6612,C
6613,F
6614,D
6615,F
6616,A
6617,B
6618,C
6619,F
6620,D
6621,F
6622,A
6623,B
6624,C
6625,F
6626,D
6627,F
6628,A
6629,B
6630,C
6631,F
6632,D
6633,F
6634,A
6635,B
6636,C
6637,F
6638,D
6639,F
6640,A
6641,B
6642,C
6643,F
6644,D
6645,F
6646,A
6647,B
6648,C
6649,F
6650,D
6651,F
6652,A
6653,B
6654,C
6655,F
6656,D
6657,F
6658,A
6659,B
6660,C
6661,F
6662,D
6663,F
6664,A
6665,B
6666,C
6667,F
6668,D
6669,F
6670,A
6671,B
6672,C
6673,F
6674,D
6675,F
6676,A
6677,B
6678,C
6679,F
6680,D
6681,F
6682,A
6683,B
6684,C
6685,F
6686,D
6687,F
6688,A
6689,B
6690,C
6691,F
6692,D
6693,F
6694,A
6695,B
6696,C
6697,F
6698,D
6699,F
6700,A
6701,B
6702,C
6703,F
6704,D
6705,F
6706,A
6707,B
6708,C
6709,F
6710,D
6711,F
6712,A
6713,B
6714,C
6715,F
6716,D
6717,F
6718,A
6719,B
6720,C
6721,F
6722,D
6723,F
6724,A
6725,B
6726,C
6727,F
6728,D
6729,F
6730,A
6731,B
6732,C
6733,F
6734,D
6735,F
6736,A
6737,B
6738,C
6739,F
6740,D
6741,F
6742,A
6743,B
6744,C
6745,F
6746,D
6747,F
6748,A
6749,B
6750,C
6751,F
6752,D
6753,F
6754,A
6755,B
6756,C
6757,F
6758,D
6759,F
6760,A
6761,B
6762,C
6763,F
6764,D
6765,F
6766,A
6767,B
6768,C
6769,F
6770,D
6771,F
6772,A
6773,B
6774,C
6775,F
6776,D
6777,F
6778,A
6779,B
6780,C
6781,F
6782,D
6783,F
6784,A
6785,B
6786,C
6787,F
6788,D
6789,F
6790,A
6791,B
6792,C
6793,F
6794,D
6795,F
6796,A
6797,B
6798,C
6799,F
6800,D
6801,F
6802,A
6803,B
6804,C
6805,F
6806,D
6807,F
6808,A
6809,B
6810,C
6811,F
6812,D
6813,F
6814,A
6815,B
6816,C
6817,F
6818,D
6819,F
6820,A
6821,B
6822,C
6823,F
6824,D
6825,F
6826,A
6827,B
6828,C
6829,F
6830,D
6831,F
6832,A
6833,B
6834,C
6835,F
6836,D
6837,F
6838,A
6839,B
6840,C
6841,F
6842,D
6843,F
6844,A
6845,B
6846,C
6847,F
6848,D
6849,F
6850,A
6851,B
6852,C
6853,F
6854,D
6855,F
6856,A
6857,B
6858,C
6859,F
6860,D
6861,F
6862,A
6863,B
6864,C
6865,F
6866,D
6867,F
6868,A
6869,B
6870,C
6871,F
6872,D
6873,F
6874,A
6875,B
6876,C
6877,F
6878,D
6879,F
6880,A
6881,B
6882,C
6883,F
6884,D
6885,F
6886,A
6887,B
6888,C
6889,F
6890,D
6891,F
6892,A
6893,B
6894,C
6895,F
6896,D
6897,F
6898,A
6899,B
6900,C
6901,F
6902,D
6903,F
6904,A
6905,B
6906,C
6907,F
6908,D
6909,F
6910,A
6911,B
6912,C
6913,F
6914,D
6915,F
6916,A
6917,B
6918,C
6919,F
6920,D
6921,F
6922,A
6923,B
6924,C
6925,F
6926,D
6927,F
6928,A
6929,B
6930,C
6931,F
6932,D
6933,F
6934,A
6935,B
6936,C
6937,F
6938,D
6939,F
6940,A
6941,B
6942,C
6943,F
6944,D
6945,F
6946,A
6947,B
6948,C
6949,F
6950,D
6951,F
6952,A
6953,B
6954,C
6955,F
6956,D
6957,F
6958,A
6959,B
6960,C
6961,F
6962,D
6963,F
6964,A
6965,B
6966,C
6967,F
6968,D
6969,F
6970,A
6971,B
6972,C
6973,F
6974,D
6975,F
6976,A
6977,B
6978,C
6979,F
6980,D
6981,F
6982,A
6983,B
6984,C
6985,F
6986,D
6987,F
6988,A
6989,B
6990,C
6991,F
6992,D
6993,F
6994,A
6995,B
6996,C
6997,F
6998,D
6999,F
7000,A
7001,B
7002,C
7003,F
7004,D
7005,F
7006,A
7007,B
7008,C
7009,F
7010,D
7011,F
7012,A
7013,B
7014,C
7015,F
7016,D
7017,F
7018,A
7019,B
7020,C
7021,F
7022,D
7023,F
7024,A
7025,B
7026,C
7027,F
7028,D
7029,F
7030,A
7031,B
7032,C
7033,F
7034,D
7035,F
7036,A
7037,B
7038,C
7039,F
7040,D
7041,F
7042,A
7043,B
7044,C
7045,F
7046,D
7047,F
7048,A
7049,B
7050,C
7051,F
7052,D
7053,F
7054,A
7055,B
7056,C
7057,F
7058,D
7059,F
7060,A
7061,B
7062,C
7063,F
7064,D
7065,F
7066,A
7067,B
7068,C
7069,F
7070,D
7071,F
7072,A
7073,B
7074,C
7075,F
7076,D
7077,F
7078,A
7079,B
7080,C
7081,F
7082,D
7083,F
7084,A
7085,B
7086,C
7087,F
7088,D
7089,F
7090,A
7091,B
7092,C
7093,F
7094,D
7095,F
7096,A
7097,B
7098,C
7099,F
7100,D
7101,F
7102,A
7103,B
7104,C
7105,F
7106,D
7107,F
7108,A
7109,B
7110,C
7111,F
7112,D
7113,F
7114,A
7115,B
7116,C
7117,F
7118,D
7119,F
7120,A
7121,B
7122,C
7123,F
7124,D
7125,F
7126,A
7127,B
7128,C
7129,F
7130,D
7131,F
7132,A
7133,B
7134,C
7135,F
7136,D
7137,F
7138,A
7139,B
7140,C
7141,F
7142,D
7143,F
7144,A
7145,B
7146,C
7147,F
7148,D
7149,F
7150,A
7151,B
7152,C
7153,F
7154,D
7155,F
7156,A
7157,B
7158,C
7159,F
7160,D
7161,F
7162,A
7163,B
7164,C
7165,F
7166,D
7167,F
7168,A
7169,B
7170,C
7171,F
7172,D
7173,F
7174,A
7175,B
7176,C
7177,F
7178,D
7179,F
7180,A
7181,B
7182,C
7183,F
7184,D
7185,F
7186,A
7187,B
7188,C
7189,F
7190,D
7191,F
7192,A
7193,B
7194,C
7195,F
7196,D
7197,F
7198,A
7199,B
7200,C
7201,F
7202,D
7203,F
7204,A
7205,B
7206,C
7207,F
7208,D
7209,F
7210,A
7211,B
7212,C
7213,F
7214,D
7215,F
7216,A
7217,B
7218,C
7219,F
7220,D
7221,F
7222,A
7223,B
7224,C
7225,F
7226,D
7227,F
7228,A
7229,B
7230,C
7231,F
7232,D
7233,F
7234,A
7235,B
7236,C
7237,F
7238,D
7239,F
7240,A
7241,B
7242,C
7243,F
7244,D
7245,F
7246,A
7247,B
7248,C
7249,F
7250,D
7251,F
7252,A
7253,B
7254,C
7255,F
7256,D
7257,F
7258,A
7259,B
7260,C
7261,F
7262,D
7263,F
7264,A
7265,B
7266,C
7267,F
7268,D
7269,F
7270,A
7271,B
7272,C
7273,F
7274,D
7275,F
7276,A
7277,B
7278,C
7279,F
7280,D
7281,F
7282,A
7283,B
7284,C
7285,F
7286,D
7287,F
7288,A
7289,B
7290,C
7291,F
7292,D
7293,F
7294,A
7295,B
7296,C
7297,F
7298,D
7299,F
7300,A
7301,B
7302,C
7303,F
7304,D
7305,F
7306,A
7307,B
7308,C
7309,F
7310,D
7311,F
7312,A
7313,B
7314,C
7315,F
7316,D
7317,F
7318,A
7319,B
7320,C
7321,F
7322,D
7323,F
7324,A
7325,B
7326,C
7327,F
7328,D
7329,F
7330,A
7331,B
7332,C
7333,F
7334,D
7335,F
7336,A
7337,B
7338,C
7339,F
7340,D
7341,F
7342,A
7343,B
7344,C
7345,F
7346,D
7347,F
7348,A
7349,B
7350,C
7351,F
7352,D
7353,F
7354,A
7355,B
7356,C
7357,F
7358,D
7359,F
7360,A
7361,B
7362,C
7363,F
7364,D
7365,F
7366,A
7367,B
7368,C
7369,F
7370,D
7371,F
7372,A
7373,B
7374,C
7375,F
7376,D
7377,F
7378,A
7379,B
7380,C
7381,F
7382,D
7383,F
7384,A
7385,B
7386,C
7387,F
7388,D
7389,F
7390,A
7391,B
7392,C
7393,F
7394,D
7395,F
7396,A
7397,B
7398,C
7399,F
7400,D
7401,F
7402,A
7403,B
7404,C
7405,F
7406,D
7407,F
7408,A
7409,B
7410,C
7411,F
7412,D
7413,F
7414,A
7415,B
7416,C
7417,F
7418,D
7419,F
7420,A
7421,B
7422,C
7423,F
7424,D
7425,F
7426,A
7427,B
7428,C
7429,F
7430,D
7431,F
7432,A
7433,B
7434,C
7435,F
7436,D
7437,F
7438,A
7439,B
7440,C
7441,F
7442,D
7443,F
7444,A
7445,B
7446,C
7447,F
7448,D
7449,F
7450,A
7451,B
7452,C
7453,F
7454,D
7455,F
7456,A
7457,B
7458,C
7459,F
7460,D
7461,F
7462,A
7463,B
7464,C
7465,F
7466,D
7467,F
7468,A
7469,B
7470,C
7471,F
7472,D
7473,F
7474,A
7475,B
7476,C
7477,F
7478,D
7479,F
7480,A
7481,B
7482,C
7483,F
7484,D
7485,F
7486,A
7487,B
7488,C
7489,F
7490,D
7491,F
7492,A
7493,B
7494,C
7495,F
7496,D
7497,F
7498,A
7499,B
7500,C
7501,F
7502,D
7503,F
7504,A
7505,B
7506,C
7507,F
7508,D
7509,F
7510,A
7511,B
7512,C
7513,F
7514,D
7515,F
7516,A
7517,B
7518,C
7519,F
7520,D
7521,F
7522,A
7523,B
7524,C
7525,F
7526,D
7527,F
7528,A
7529,B
7530,C
7531,F
7532,D
7533,F
7534,A
7535,B
7536,C
7537,F
7538,D
7539,F
7540,A
7541,B
7542,C
7543,F
7544,D
7545,F
7546,A
7547,B
7548,C
7549,F
7550,D
7551,F
7552,A
7553,B
7554,C
7555,F
7556,D
7557,F
7558,A
7559,B
7560,C
7561,F
7562,D
7563,F
7564,A
7565,B
7566,C
7567,F
7568,D
7569,F
7570,A
7571,B
7572,C
7573,F
7574,D
7575,F
7576,A
7577,B
7578,C
7579,F
7580,D
7581,F
7582,A
7583,B
7584,C
7585,F
7586,D
7587,F
7588,A
7589,B
7590,C
7591,F
7592,D
7593,F
7594,A
7595,B
7596,C
7597,F
7598,D
7599,F
7600,A
7601,B
7602,C
7603,F
7604,D
7605,F
7606,A
7607,B
7608,C
7609,F
7610,D
7611,F
7612,A
7613,B
7614,C
7615,F
7616,D
7617,F
7618,A
7619,B
7620,C
7621,F
7622,D
7623,F
7624,A
7625,B
7626,C
7627,F
7628,D
7629,F
7630,A
7631,B
7632,C
7633,F
7634,D
7635,F
7636,A
7637,B
7638,C
7639,F
7640,D
7641,F
7642,A
7643,B
7644,C
7645,F
7646,D
7647,F
7648,A
7649,B
7650,C
7651,F
7652,D
7653,F
7654,A
7655,B
7656,C
7657,F
7658,D
7659,F
7660,A
7661,B
7662,C
7663,F
7664,D
7665,F
7666,A
7667,B
7668,C
7669,F
7670,D
7671,F
7672,A
7673,B
7674,C
7675,F
7676,D
7677,F
7678,A
7679,B
7680,C
7681,F
7682,D
7683,F
7684,A
7685,B
7686,C
7687,F
7688,D
7689,F
7690,A
7691,B
7692,C
7693,F
7694,D
7695,F
7696,A
7697,B
7698,C
7699,F
7700,D
7701,F
7702,A
7703,B
7704,C
7705,F
7706,D
7707,F
7708,A
7709,B
7710,C
7711,F
7712,D
7713,F
7714,A
7715,B
7716,C
7717,F
7718,D
7719,F
7720,A
7721,B
7722,C
7723,F
7724,D
7725,F
7726,A
7727,B
7728,C
7729,F
7730,D
7731,F
7732,A
7733,B
7734,C
7735,F
7736,D
7737,F
7738,A
7739,B
7740,C
7741,F
7742,D
7743,F
7744,A
7745,B
7746,C
7747,F
7748,D
7749,F
7750,A
7751,B
7752,C
7753,F
7754,D
7755,F
7756,A
7757,B
7758,C
7759,F
7760,D
7761,F
7762,A
7763,B
7764,C
7765,F
7766,D
7767,F
7768,A
7769,B
7770,C
7771,F
7772,D
7773,F
7774,A
7775,B
7776,C
7777,F
7778,D
7779,F
7780,A
7781,B
7782,C
7783,F
7784,D
7785,F
7786,A
7787,B
7788,C
7789,F
7790,D
7791,F
7792,A
7793,B
7794,C
7795,F
7796,D
7797,F
7798,A
7799,B
7800,C
7801,F
7802,D
7803,F
7804,A
7805,B
7806,C
7807,F
7808,D
7809,F
7810,A
7811,B
7812,C
7813,F
7814,D
7815,F
7816,A
7817,B
7818,C
7819,F
7820,D
7821,F
7822,A
7823,B
7824,C
7825,F
7826,D
7827,F
7828,A
7829,B
7830,C
7831,F
7832,D
7833,F
7834,A
7835,B
7836,C
7837,F
7838,D
7839,F
7840,A
7841,B
7842,C
7843,F
7844,D
7845,F
7846,A
7847,B
7848,C
7849,F
7850,D
7851,F
7852,A
7853,B
7854,C
7855,F
7856,D
7857,F
7858,A
7859,B
7860,C
7861,F
7862,D
7863,F
7864,A
7865,B
7866,C
7867,F
7868,D
7869,F
7870,A
7871,B
7872,C
7873,F
7874,D
7875,F
7876,A
7877,B
7878,C
7879,F
7880,D
7881,F
7882,A
7883,B
7884,C
7885,F
7886,D
7887,F
7888,A
7889,B
7890,C
7891,F
7892,D
7893,F
7894,A
7895,B
7896,C
7897,F
7898,D
7899,F
7900,A
7901,B
7902,C
7903,F
7904,D
7905,F
7906,A
7907,B
7908,C
7909,F
7910,D
7911,F
7912,A
7913,B
7914,C
7915,F
7916,D
7917,F
7918,A
7919,B
7920,C
7921,F
7922,D
7923,F
7924,A
7925,B
7926,C
7927,F
7928,D
7929,F
7930,A
7931,B
7932,C
7933,F
7934,D
7935,F
7936,A
7937,B
7938,C
7939,F
7940,D
7941,F
7942,A
7943,B
7944,C
7945,F
7946,D
7947,F
7948,A
7949,B
7950,C
7951,F
7952,D
7953,F
7954,A
7955,B
7956,C
7957,F
7958,D
7959,F
7960,A
7961,B
7962,C
7963,F
7964,D
7965,F
7966,A
7967,B
7968,C
7969,F
7970,D
7971,F
7972,A
7973,B
7974,C
7975,F
7976,D
7977,F
7978,A
7979,B
7980,C
7981,F
7982,D
7983,F
7984,A
7985,B
7986,C
7987,F
7988,D
7989,F
7990,A
7991,B
7992,C
7993,F
7994,D
7995,F
7996,A
7997,B
7998,C
7999,F
8000,D
8001,F
8002,A
8003,B
8004,C
8005,F
8006,D
8007,F
8008,A
8009,B
8010,C
8011,F
8012,D
8013,F
8014,A
8015,B
8016,C
8017,F
8018,D
8019,F
8020,A
8021,B
8022,C
8023,F
8024,D
8025,F
8026,A
8027,B
8028,C
8029,F
8030,D
8031,F
8032,A
8033,B
8034,C
8035,F
8036,D
8037,F
8038,A
8039,B
8040,C
8041,F
8042,D
8043,F
8044,A
8045,B
8046,C
8047,F
8048,D
8049,F
8050,A
8051,B
8052,C
8053,F
8054,D
8055,F
8056,A
8057,B
8058,C
8059,F
8060,D
8061,F
8062,A
8063,B
8064,C
8065,F
8066,D
8067,F
8068,A
8069,B
8070,C
8071,F
8072,D
8073,F
8074,A
8075,B
8076,C
8077,F
8078,D
8079,F
8080,A
8081,B
8082,C
8083,F
8084,D
8085,F
8086,A
8087,B
8088,C
8089,F
8090,D
8091,F
8092,A
8093,B
8094,C
8095,F
8096,D
8097,F
8098,A
8099,B
8100,C
8101,F
8102,D
8103,F
8104,A
8105,B
8106,C
8107,F
8108,D
8109,F
8110,A
8111,B
8112,C
8113,F
8114,D
8115,F
8116,A
8117,B
8118,C
8119,F
8120,D
8121,F
8122,A
8123,B
8124,C
8125,F
8126,D
8127,F
8128,A
8129,B
8130,C
8131,F
8132,D
8133,F
8134,A
8135,B
8136,C
8137,F
8138,D
8139,F
8140,A
8141,B
8142,C
8143,F
8144,D
8145,F
8146,A
8147,B
8148,C
8149,F
8150,D
8151,F
8152,A
8153,B
8154,C
8155,F
8156,D
8157,F
8158,A
8159,B
8160,C
8161,F
8162,D
8163,F
8164,A
8165,B
8166,C
8167,F
8168,D
8169,F
8170,A
8171,B
8172,C
8173,F
8174,D
8175,F
8176,A
8177,B
8178,C
8179,F
8180,D
8181,F
8182,A
8183,B
8184,C
8185,F
8186,D
8187,F
8188,A
8189,B
8190,C
8191,F
8192,D
8193,F
8194,A
8195,B
8196,C
8197,F
8198,D
8199,F
8200,A
8201,B
8202,C
8203,F
8204,D
8205,F
8206,A
8207,B
8208,C
8209,F
8210,D
8211,F
8212,A
8213,B
8214,C
8215,F
8216,D
8217,F
8218,A
8219,B
8220,C
8221,F
8222,D
8223,F
8224,A
8225,B
8226,C
8227,F
8228,D
8229,F
8230,A
8231,B
8232,C
8233,F
8234,D
8235,F
8236,A
8237,B
8238,C
8239,F
8240,D
8241,F
8242,A
8243,B
8244,C
8245,F
8246,D
8247,F
8248,A
8249,B
8250,C
8251,F
8252,D
8253,F
8254,A
8255,B
8256,C
8257,F
8258,D
8259,F
8260,A
8261,B
8262,C
8263,F
8264,D
8265,F
8266,A
8267,B
8268,C
8269,F
8270,D
8271,F
8272,A
8273,B
8274,C
8275,F
8276,D
8277,F
8278,A
8279,B
8280,C
8281,F
8282,D
8283,F
8284,A
8285,B
8286,C
8287,F
8288,D
8289,F
8290,A
8291,B
8292,C
8293,F
8294,D
8295,F
8296,A
8297,B
8298,C
8299,F
8300,D
8301,F
8302,A
8303,B
8304,C
8305,F
8306,D
8307,F
8308,A
8309,B
8310,C
8311,F
8312,D
8313,F
8314,A
8315,B
8316,C
8317,F
8318,D
8319,F
8320,A
8321,B
8322,C
8323,F
8324,D
8325,F
8326,A
8327,B
8328,C
8329,F
8330,D
8331,F
8332,A
8333,B
8334,C
8335,F
8336,D
8337,F
8338,A
8339,B
8340,C
8341,F
8342,D
8343,F
8344,A
8345,B
8346,C
8347,F
8348,D
8349,F
8350,A
8351,B
8352,C
8353,F
8354,D
8355,F
8356,A
8357,B
8358,C
8359,F
8360,D
8361,F
8362,A
8363,B
8364,C
8365,F
8366,D
8367,F
8368,A
8369,B
8370,C
8371,F
8372,D
8373,F
8374,A
8375,B
8376,C
8377,F
8378,D
8379,F
8380,A
8381,B
8382,C
8383,F
8384,D
8385,F
8386,A
8387,B
8388,C
8389,F
8390,D
8391,F
8392,A
8393,B
8394,C
8395,F
8396,D
8397,F
8398,A
8399,B
8400,C
8401,F
8402,D
8403,F
8404,A
8405,B
8406,C
8407,F
8408,D
8409,F
8410,A
8411,B
8412,C
8413,F
8414,D
8415,F
8416,A
8417,B
8418,C
8419,F
8420,D
8421,F
8422,A
8423,B
8424,C
8425,F
8426,D
8427,F
8428,A
8429,B
8430,C
8431,F
8432,D
8433,F
8434,A
8435,B
8436,C
8437,F
8438,D
8439,F
8440,A
8441,B
8442,C
8443,F
8444,D
8445,F
8446,A
8447,B
8448,C
8449,F
8450,D
8451,F
8452,A
8453,B
8454,C
8455,F
8456,D
8457,F
8458,A
8459,B
8460,C
8461,F
8462,D
8463,F
8464,A
8465,B
8466,C
8467,F
8468,D
8469,F
8470,A
8471,B
8472,C
8473,F
8474,D
8475,F
8476,A
8477,B
8478,C
8479,F
8480,D
8481,F
8482,A
8483,B
8484,C
8485,F
8486,D
8487,F
8488,A
8489,B
8490,C
8491,F
8492,D
8493,F
8494,A
8495,B
8496,C
8497,F
8498,D
8499,F
8500,A
8501,B
8502,C
8503,F
8504,D
8505,F
8506,A
8507,B
8508,C
8509,F
8510,D
8511,F
8512,A
8513,B
8514,C
8515,F
8516,D
8517,F
8518,A
8519,B
8520,C
8521,F
8522,D
8523,F
8524,A
8525,B
8526,C
8527,F
8528,D
8529,F
8530,A
8531,B
8532,C
8533,F
8534,D
8535,F
8536,A
8537,B
8538,C
8539,F
8540,D
8541,F
8542,A
8543,B
8544,C
8545,F
8546,D
8547,F
8548,A
8549,B
8550,C
8551,F
8552,D
8553,F
8554,A
8555,B
8556,C
8557,F
8558,D
8559,F
8560,A
8561,B
8562,C
8563,F
8564,D
8565,F
8566,A
8567,B
8568,C
8569,F
8570,D
8571,F
8572,A
8573,B
8574,C
8575,F
8576,D
8577,F
8578,A
8579,B
8580,C
8581,F
8582,D
8583,F
8584,A
8585,B
8586,C
8587,F
8588,D
8589,F
8590,A
8591,B
8592,C
8593,F
8594,D
8595,F
8596,A
8597,B
8598,C
8599,F
8600,D
8601,F
8602,A
8603,B
8604,C
8605,F
8606,D
8607,F
8608,A
8609,B
8610,C
8611,F
8612,D
8613,F
8614,A
8615,B
8616,C
8617,F
8618,D
8619,F
8620,A
8621,B
8622,C
8623,F
8624,D
8625,F
8626,A
8627,B
8628,C
8629,F
8630,D
8631,F
8632,A
8633,B
8634,C
8635,F
8636,D
8637,F
8638,A
8639,B
8640,C
8641,F
8642,D
8643,F
8644,A
8645,B
8646,C
8647,F
8648,D
8649,F
8650,A
8651,B
8652,C
8653,F
8654,D
8655,F
8656,A
8657,B
8658,C
8659,F
8660,D
8661,F
8662,A
8663,B
8664,C
8665,F
8666,D
8667,F
8668,A
8669,B
8670,C
8671,F
8672,D
8673,F
8674,A
8675,B
8676,C
8677,F
8678,D
8679,F
8680,A
8681,B
8682,C
8683,F
8684,D
8685,F
8686,A
8687,B
8688,C
8689,F
8690,D
8691,F
8692,A
8693,B
8694,C
8695,F
8696,D
8697,F
8698,A
8699,B
8700,C
8701,F
8702,D
8703,F
8704,A
8705,B
8706,C
8707,F
8708,D
8709,F
8710,A
8711,B
8712,C
8713,F
8714,D
8715,F
8716,A
8717,B
8718,C
8719,F
8720,D
8721,F
8722,A
8723,B
8724,C
8725,F
8726,D
8727,F
8728,A
8729,B
8730,C
8731,F
8732,D
8733,F
8734,A
8735,B
8736,C
8737,F
8738,D
8739,F
8740,A
8741,B
8742,C
8743,F
8744,D
8745,F
8746,A
8747,B
8748,C
8749,F
8750,D
8751,F
8752,A
8753,B
8754,C
8755,F
8756,D
8757,F
8758,A
8759,B
8760,C
8761,F
8762,D
8763,F
8764,A
8765,B
8766,C
8767,F
8768,D
8769,F
8770,A
8771,B
8772,C
8773,F
8774,D
8775,F
8776,A
8777,B
8778,C
8779,F
8780,D
8781,F
8782,A
8783,B
8784,C
8785,F
8786,D
8787,F
8788,A
8789,B
8790,C
8791,F
8792,D
8793,F
8794,A
8795,B
8796,C
8797,F
8798,D
8799,F
8800,A
8801,B
8802,C
8803,F
8804,D
8805,F
8806,A
8807,B
8808,C
8809,F
8810,D
8811,F
8812,A
8813,B
8814,C
8815,F
8816,D
8817,F
8818,A
8819,B
8820,C
8821,F
8822,D
8823,F
8824,A
8825,B
8826,C
8827,F
8828,D
8829,F
8830,A
8831,B
8832,C
8833,F
8834,D
8835,F
8836,A
8837,B
8838,C
8839,F
8840,D
8841,F
8842,A
8843,B
8844,C
8845,F
8846,D
8847,F
8848,A
8849,B
8850,C
8851,F
8852,D
8853,F
8854,A
8855,B
8856,C
8857,F
8858,D
8859,F
8860,A
8861,B
8862,C
8863,F
8864,D
8865,F
8866,A
8867,B
8868,C
8869,F
8870,D
8871,F
8872,A
8873,B
8874,C
8875,F
8876,D
8877,F
8878,A
8879,B
8880,C
8881,F
8882,D
8883,F
8884,A
8885,B
8886,C
8887,F
8888,D
8889,F
8890,A
8891,B
8892,C
8893,F
8894,D
8895,F
8896,A
8897,B
8898,C
8899,F
8900,D
8901,F
8902,A
8903,B
8904,C
8905,F
8906,D
8907,F
8908,A
8909,B
8910,C
8911,F
8912,D
8913,F
8914,A
8915,B
8916,C
8917,F
8918,D
8919,F
8920,A
8921,B
8922,C
8923,F
8924,D
8925,F
8926,A
8927,B
8928,C
8929,F
8930,D
8931,F
8932,A
8933,B
8934,C
8935,F
8936,D
8937,F
8938,A
8939,B
8940,C
8941,F
8942,D
8943,F
8944,A
8945,B
8946,C
8947,F
8948,D
8949,F
8950,A
8951,B
8952,C
8953,F
8954,D
8955,F
8956,A
8957,B
8958,C
8959,F
8960,D
8961,F
8962,A
8963,B
8964,C
8965,F
8966,D
8967,F
8968,A
8969,B
8970,C
8971,F
8972,D
8973,F
8974,A
8975,B
8976,C
8977,F
8978,D
8979,F
8980,A
8981,B
8982,C
8983,F
8984,D
8985,F
8986,A
8987,B
8988,C
8989,F
8990,D
8991,F
8992,A
8993,B
8994,C
8995,F
8996,D
8997,F
8998,A
8999,B
9000,C
9001,F
9002,D
9003,F
9004,A
9005,B
9006,C
9007,F
9008,D
9009,F
9010,A
9011,B
9012,C
9013,F
9014,D
9015,F
9016,A
9017,B
9018,C
9019,F
9020,D
9021,F
9022,A
9023,B
9024,C
9025,F
9026,D
9027,F
9028,A
9029,B
9030,C
9031,F
9032,D
9033,F
9034,A
9035,B
9036,C
9037,F
9038,D
9039,F
9040,A
9041,B
9042,C
9043,F
9044,D
9045,F
9046,A
9047,B
9048,C
9049,F
9050,D
9051,F
9052,A
9053,B
9054,C
9055,F
9056,D
9057,F
9058,A
9059,B
9060,C
9061,F
9062,D
9063,F
9064,A
9065,B
9066,C
9067,F
9068,D
9069,F
9070,A
9071,B
9072,C
9073,F
9074,D
9075,F
9076,A
9077,B
9078,C
9079,F
9080,D
9081,F
9082,A
9083,B
9084,C
9085,F
9086,D
9087,F
9088,A
9089,B
9090,C
9091,F
9092,D
9093,F
9094,A
9095,B
9096,C
9097,F
9098,D
9099,F
9100,A
9101,B
9102,C
9103,F
9104,D
9105,F
9106,A
9107,B
9108,C
9109,F
9110,D
9111,F
9112,A
9113,B
9114,C
9115,F
9116,D
9117,F
9118,A
9119,B
9120,C
9121,F
9122,D
9123,F
9124,A
9125,B
9126,C
9127,F
9128,D
9129,F
9130,A
9131,B
9132,C
9133,F
9134,D
9135,F
9136,A
9137,B
9138,C
9139,F
9140,D
9141,F
9142,A
9143,B
9144,C
9145,F
9146,D
9147,F
9148,A
9149,B
9150,C
9151,F
9152,D
9153,F
9154,A
9155,B
9156,C
9157,F
9158,D
9159,F
9160,A
9161,B
9162,C
9163,F
9164,D
9165,F
9166,A
9167,B
9168,C
9169,F
9170,D
9171,F
9172,A
9173,B
9174,C
9175,F
9176,D
9177,F
9178,A
9179,B
9180,C
9181,F
9182,D
9183,F
9184,A
9185,B
9186,C
9187,F
9188,D
9189,F
9190,A
9191,B
9192,C
9193,F
9194,D
9195,F
9196,A
9197,B
9198,C
9199,F
9200,D
9201,F
9202,A
9203,B
9204,C
9205,F
9206,D
9207,F
9208,A
9209,B
9210,C
9211,F
9212,D
9213,F
9214,A
9215,B
9216,C
9217,F
9218,D
9219,F
9220,A
9221,B
9222,C
9223,F
9224,D
9225,F
9226,A
9227,B
9228,C
9229,F
9230,D
9231,F
9232,A
9233,B
9234,C
9235,F
9236,D
9237,F
9238,A
9239,B
9240,C
9241,F
9242,D
9243,F
9244,A
9245,B
9246,C
9247,F
9248,D
9249,F
9250,A
9251,B
9252,C
9253,F
9254,D
9255,F
9256,A
9257,B
9258,C
9259,F
9260,D
9261,F
9262,A
9263,B
9264,C
9265,F
9266,D
9267,F
9268,A
9269,B
9270,C
9271,F
9272,D
9273,F
9274,A
9275,B
9276,C
9277,F
9278,D
9279,F
9280,A
9281,B
9282,C
9283,F
9284,D
9285,F
9286,A
9287,B
9288,C
9289,F
9290,D
9291,F
9292,A
9293,B
9294,C
9295,F
9296,D
9297,F
9298,A
9299,B
9300,C
9301,F
9302,D
9303,F
9304,A
9305,B
9306,C
9307,F
9308,D
9309,F
9310,A
9311,B
9312,C
9313,F
9314,D
9315,F
9316,A
9317,B
9318,C
9319,F
9320,D
9321,F
9322,A
9323,B
9324,C
9325,F
9326,D
9327,F
9328,A
9329,B
9330,C
9331,F
9332,D
9333,F
9334,A
9335,B
9336,C
9337,F
9338,D
9339,F
9340,A
9341,B
9342,C
9343,F
9344,D
9345,F
9346,A
9347,B
9348,C
9349,F
9350,D
9351,F
9352,A
9353,B
9354,C
9355,F
9356,D
9357,F
9358,A
9359,B
9360,C
9361,F
9362,D
9363,F
9364,A
9365,B
9366,C
9367,F
9368,D
9369,F
9370,A
9371,B
9372,C
9373,F
9374,D
9375,F
9376,A
9377,B
9378,C
9379,F
9380,D
9381,F
9382,A
9383,B
9384,C
9385,F
9386,D
9387,F
9388,A
9389,B
9390,C
9391,F
9392,D
9393,F
9394,A
9395,B
9396,C
9397,F
9398,D
9399,F
9400,A
9401,B
9402,C
9403,F
9404,D
9405,F
9406,A
9407,B
9408,C
9409,F
9410,D
9411,F
9412,A
9413,B
9414,C
9415,F
9416,D
9417,F
9418,A
9419,B
9420,C
9421,F
9422,D
9423,F
9424,A
9425,B
9426,C
9427,F
9428,D
9429,F
9430,A
9431,B
9432,C
9433,F
9434,D
9435,F
9436,A
9437,B
9438,C
9439,F
9440,D
9441,F
9442,A
9443,B
9444,C
9445,F
9446,D
9447,F
9448,A
9449,B
9450,C
9451,F
9452,D
9453,F
9454,A
9455,B
9456,C
9457,F
9458,D
9459,F
9460,A
9461,B
9462,C
9463,F
9464,D
9465,F
9466,A
9467,B
9468,C
9469,F
9470,D
9471,F
9472,A
9473,B
9474,C
9475,F
9476,D
9477,F
9478,A
9479,B
9480,C
9481,F
9482,D
9483,F
9484,A
9485,B
9486,C
9487,F
9488,D
9489,F
9490,A
9491,B
9492,C
9493,F
9494,D
9495,F
9496,A
9497,B
9498,C
9499,F
9500,D
9501,F
9502,A
9503,B
9504,C
9505,F
9506,D
9507,F
9508,A
9509,B
9510,C
9511,F
9512,D
9513,F
9514,A
9515,B
9516,C
9517,F
9518,D
9519,F
9520,A
9521,B
9522,C
9523,F
9524,D
9525,F
9526,A
9527,B
9528,C
9529,F
9530,D
9531,F
9532,A
9533,B
9534,C
9535,F
9536,D
9537,F
9538,A
9539,B
9540,C
9541,F
9542,D
9543,F
9544,A
9545,B
9546,C
9547,F
9548,D
9549,F
9550,A
9551,B
9552,C
9553,F
9554,D
9555,F
9556,A
9557,B
9558,C
9559,F
9560,D
9561,F
9562,A
9563,B
9564,C
9565,F
9566,D
9567,F
9568,A
9569,B
9570,C
9571,F
9572,D
9573,F
9574,A
9575,B
9576,C
9577,F
9578,D
9579,F
9580,A
9581,B
9582,C
9583,F
9584,D
9585,F
9586,A
9587,B
9588,C
9589,F
9590,D
9591,F
9592,A
9593,B
9594,C
9595,F
9596,D
9597,F
9598,A
9599,B
9600,C
9601,F
9602,D
9603,F
9604,A
9605,B
9606,C
9607,F
9608,D
9609,F
9610,A
9611,B
9612,C
9613,F
9614,D
9615,F
9616,A
9617,B
9618,C
9619,F
9620,D
9621,F
9622,A
9623,B
9624,C
9625,F
9626,D
9627,F
9628,A
9629,B
9630,C
9631,F
9632,D
9633,F
9634,A
9635,B
9636,C
9637,F
9638,D
9639,F
9640,A
9641,B
9642,C
9643,F
9644,D
